{
  "7001": {
    "name": "精铁符剑",
    "atk_buff": 0.04,
    "crit_buff": 0,
    "rank": 50,
    "level": "下品符器",
    "type": "装备"
  },
  "7002": {
    "name": "桃木符剑",
    "atk_buff": 0,
    "crit_buff": 0.08,
    "rank": 47,
    "level": "下品符器",
    "type": "装备"
  },
  "7003": {
    "name": "精元符剑",
    "atk_buff": 0.02,
    "crit_buff": 0.04,
    "rank": 47,
    "level": "下品符器",
    "type": "装备"
  },
  "7011": {
    "name": "火铜符剑",
    "atk_buff": 0.06,
    "crit_buff": 0,
    "rank": 42,
    "level": "上品符器",
    "type": "装备"
  },
  "7012": {
    "name": "青玉符剑",
    "atk_buff": 0,
    "crit_buff": 0.12,
    "rank": 42,
    "level": "上品符器",
    "type": "装备"
  },
  "7013": {
    "name": "灵气剑",
    "atk_buff": 0.03,
    "crit_buff": 0.06,
    "rank": 42,
    "level": "上品符器",
    "type": "装备"
  },
  "7021": {
    "name": "辟邪惊雷尺",
    "atk_buff": 0.08,
    "crit_buff": 0,
    "rank": 39,
    "level": "下品法器",
    "type": "装备"
  },
  "7022": {
    "name": "七星剑",
    "atk_buff": 0,
    "crit_buff": 0.16,
    "rank": 39,
    "level": "下品法器",
    "type": "装备"
  },
  "7023": {
    "name": "流光剑",
    "atk_buff": 0.04,
    "crit_buff": 0.08,
    "rank": 39,
    "level": "下品法器",
    "type": "装备"
  },
  "7031": {
    "name": "金光镜",
    "atk_buff": 0.1,
    "crit_buff": 0,
    "rank": 36,
    "level": "上品法器",
    "type": "装备"
  },
  "7032": {
    "name": "阴阳夺魂针",
    "atk_buff": 0,
    "crit_buff": 0.2,
    "rank": 36,
    "level": "上品法器",
    "type": "装备"
  },
  "7033": {
    "name": "山河鼎",
    "atk_buff": 0.05,
    "crit_buff": 0.1,
    "rank": 36,
    "level": "上品法器",
    "type": "装备"
  },
  "7041": {
    "name": "离地焰光旗",
    "atk_buff": 0.12,
    "crit_buff": 0.1,
    "rank": 33,
    "level": "下品纯阳法器",
    "type": "装备"
  },
  "7042": {
    "name": "青萍剑",
    "atk_buff": 0,
    "crit_buff": 0.24,
    "rank": 33,
    "level": "下品纯阳法器",
    "type": "装备"
  },
  "7043": {
    "name": "千重峰",
    "atk_buff": 0.06,
    "crit_buff": 0.12,
    "rank": 33,
    "level": "下品纯阳法器",
    "type": "装备"
  },
  "7051": {
    "name": "五火七禽扇",
    "atk_buff": 0.14,
    "crit_buff": 0,
    "rank": 30,
    "level": "上品纯阳法器",
    "type": "装备"
  },
  "7052": {
    "name": "青莲宝色旗",
    "atk_buff": 0,
    "crit_buff": 0.28,
    "rank": 30,
    "level": "上品纯阳法器",
    "type": "装备"
  },
  "7053": {
    "name": "嗜魂幡",
    "atk_buff": 0.07,
    "crit_buff": 0.14,
    "rank": 30,
    "level": "上品纯阳法器",
    "type": "装备"
  },
  "7061": {
    "name": "绝仙剑",
    "atk_buff": 0.16,
    "crit_buff": 0,
    "rank": 27,
    "level": "下品通天法器",
    "type": "装备"
  },
  "7062": {
    "name": "落魂钟",
    "atk_buff": 0,
    "crit_buff": 0.32,
    "rank": 27,
    "level": "下品通天法器",
    "type": "装备"
  },
  "7063": {
    "name": "乾天剑",
    "atk_buff": 0.08,
    "crit_buff": 0.16,
    "rank": 27,
    "level": "下品通天法器",
    "type": "装备"
  },
  "7071": {
    "name": "乾坤尺",
    "atk_buff": 0.18,
    "crit_buff": 0,
    "rank": 24,
    "level": "上品通天法器",
    "type": "装备"
  },
  "7072": {
    "name": "天地五方旗",
    "atk_buff": 0,
    "crit_buff": 0.36,
    "rank": 24,
    "level": "上品通天法器",
    "type": "装备"
  },
  "7073": {
    "name": "红线遁光针",
    "atk_buff": 0.09,
    "crit_buff": 0.18,
    "rank": 24,
    "level": "上品通天法器",
    "type": "装备"
  },
  "7081": {
    "name": "陨仙",
    "atk_buff": 0.2,
    "crit_buff": 0,
    "rank": 21,
    "level": "下品仙器",
    "type": "装备"
  },
  "7082": {
    "name": "惊雷",
    "atk_buff": 0,
    "crit_buff": 0.4,
    "rank": 21,
    "level": "下品仙器",
    "type": "装备"
  },
  "7083": {
    "name": "承影",
    "atk_buff": 0.1,
    "crit_buff": 0.2,
    "rank": 21,
    "level": "下品仙器",
    "type": "装备"
  },
  "7091": {
    "name": "无影剑",
    "atk_buff": 0.12,
    "crit_buff": 0.24,
    "rank": 18,
    "level": "上品仙器",
    "type": "装备"
  },
  "7092": {
    "name": "风云幡",
    "atk_buff": 0,
    "crit_buff": 0.48,
    "rank": 18,
    "level": "上品仙器",
    "type": "装备"
  },
  "7093": {
    "name": "青竹蜂云剑",
    "atk_buff": 0.24,
    "crit_buff": 0.0,
    "rank": 18,
    "level": "上品仙器",
    "type": "装备"
  },
  "7094": {
    "name": "相云剑",
    "atk_buff": 1.0,
    "crit_buff": 0.0,
    "rank": 1,
    "level": "上品仙器",
    "type": "装备"
  }
}