{
    "2000":{
        "name":"洗髓丹",
        "desc":"使用后可以增加8000点修为！",
        "type":"丹药",
        "buff":8000,
        "buff_type":"exp_up",
        "day_num":10,
        "all_num":200,
        "rank":40,
        "境界":"元婴境初期",
        "mix_need_time":60,
        "mix_exp":10,
        "mix_all":100,
        "elixir_config":{
            "2":6,
            "3":6
        }
    },
    "2001":{
        "name":"养气丹",
        "desc":"使用后可以增加10000点修为！",
        "type":"丹药",
        "buff":10000,
        "buff_type":"exp_up",
        "day_num":10,
        "all_num":200,
        "rank":37,
        "境界":"化神境初期",
        "mix_need_time":60,
        "mix_exp":10,
        "mix_all":100,
        "elixir_config":{
            "2":12,
            "3":12
        }
    },
    "2002":{
        "name":"九转丹",
        "desc":"使用后可以增加12000点修为！",
        "type":"丹药",
        "buff":12000,
        "buff_type":"exp_up",
        "day_num":10,
        "all_num":200,
        "rank":34,
        "境界":"炼虚境初期",
        "mix_need_time":60,
        "mix_exp":10,
        "mix_all":100,
        "elixir_config":{
            "2":24,
            "3":24
        }
    },
    "2003":{
        "name":"易筋丹",
        "desc":"使用后可以增加14000点修为！",
        "type":"丹药",
        "buff":14000,
        "buff_type":"exp_up",
        "day_num":10,
        "all_num":200,
        "rank":31,
        "境界":"合体境初期",
        "mix_need_time":60,
        "mix_exp":10,
        "mix_all":100,
        "elixir_config":{
            "2":48,
            "3":48
        }
    },
    "2004":{
        "name":"天尘丹",
        "desc":"使用后可以增加16000点修为！",
        "type":"丹药",
        "buff":16000,
        "buff_type":"exp_up",
        "day_num":10,
        "all_num":200,
        "rank":28,
        "境界":"大乘境初期",
        "mix_need_time":60,
        "mix_exp":10,
        "mix_all":100,
        "elixir_config":{
            "2":96,
            "3":96
        }
    },
    "2005":{
        "name":"天元神丹",
        "desc":"使用后可以增加18000点修为！",
        "type":"丹药",
        "buff":18000,
        "buff_type":"exp_up",
        "day_num":10,
        "all_num":200,
        "rank":25,
        "境界":"渡劫境初期",
        "mix_need_time":60,
        "mix_exp":10,
        "mix_all":100,
        "elixir_config":{
            "2":192,
            "3":192
        }
    },
    "2006":{
        "name":"太乙碧莹丹",
        "desc":"使用后可以增加20000点修为！",
        "type":"丹药",
        "buff":20000,
        "buff_type":"exp_up",
        "day_num":10,
        "all_num":200,
        "rank":22,
        "境界":"半步真仙",
        "mix_need_time":60,
        "mix_exp":10,
        "mix_all":100,
        "elixir_config":{
            "2":384,
            "3":384
        }
    },
    "2007":{
        "name":"六阳长生丹",
        "desc":"使用后可以增加30000点修为！",
        "type":"丹药",
        "buff":30000,
        "buff_type":"exp_up",
        "day_num":10,
        "all_num":200,
        "rank":18,
        "境界":"金仙境初期",
        "mix_need_time":60,
        "mix_exp":10,
        "mix_all":100,
        "elixir_config":{
            "2":768,
            "3":768
        }
    },
    "2008":{
        "name":"道源丹",
        "desc":"使用后可以增加40000点修为！",
        "type":"丹药",
        "buff":40000,
        "buff_type":"exp_up",
        "day_num":10,
        "all_num":200,
        "rank":15,
        "境界":"太乙境初期",
        "mix_need_time":60,
        "mix_exp":10,
        "mix_all":100,
        "elixir_config":{
            "2":1536,
            "3":1536
        }
    },
    "1400":{
        "name":"筑基丹",
        "type":"丹药",
        "rank":47,
        "desc":"筑基丹，冲击筑基境必备的丹药，使突破到筑基境的概率提升30%，只可使用1颗！",
        "境界":"练气境圆满",
        "buff_type":"level_up_big",
        "day_num":1,
        "all_num":1,
        "buff":30,
        "mix_need_time":60,
        "mix_exp":10,
        "mix_all":100,
        "elixir_config":{
            "2":2,
            "4":2
        }
        
    },
    "1401":{
        "name":"聚顶丹",
        "type":"丹药",
        "rank":44,
        "desc":"聚顶丹，冲击结丹境必备的丹药之一，使突破到结丹境的概率提升20%，只可使用1颗！",
        "境界":"筑基境圆满",
        "buff_type":"level_up_big",
        "day_num":1,
        "all_num":1,
        "buff":20,
        "mix_need_time":60,
        "mix_exp":10,
        "mix_all":100,
        "elixir_config":{
            "2":4,
            "4":4
        }
    },
    "1402":{
        "name":"朝元丹",
        "type":"丹药",
        "rank":44,
        "desc":"朝元丹，冲击结丹境必备的2种丹药之一，使突破到结丹境的概率提升20%，只可使用1颗！",
        "境界":"筑基境圆满",
        "buff_type":"level_up_big",
        "day_num":1,
        "all_num":1,
        "buff":20,
        "mix_need_time":60,
        "mix_exp":10,
        "mix_all":100,
        "elixir_config":{
            "2":8,
            "4":8
        }
    },
    "1403":{
        "name":"锻脉丹",
        "type":"丹药",
        "rank":41,
        "desc":"锻脉丹，冲击元婴境必备的2种丹药之一，使突破到元婴境的概率提升20%，只可使用1颗！",
        "境界":"结丹境圆满",
        "buff_type":"level_up_big",
        "day_num":1,
        "all_num":1,
        "buff":20,
        "mix_need_time":60,
        "mix_exp":10,
        "mix_all":100,
        "elixir_config":{
            "2":12,
            "4":12
        }
    },
    "1404":{
        "name":"护脉丹",
        "type":"丹药",
        "rank":41,
        "desc":"护脉丹，冲击元婴境必备的2种丹药之一，使突破到元婴境的概率提升20%，只可使用1颗！",
        "境界":"结丹境圆满",
        "buff_type":"level_up_big",
        "day_num":1,
        "all_num":1,
        "buff":20,
        "mix_need_time":60,
        "mix_exp":10,
        "mix_all":100,
        "elixir_config":{
            "2":16,
            "4":16
        }
    },
    "1405":{
        "name":"天命淬体丹",
        "type":"丹药",
        "rank":38,
        "desc":"天命淬体丹，冲击化神境必备的3种丹药之一，使突破到化神境的概率提升10%，只可使用1颗！",
        "境界":"元婴境圆满",
        "buff_type":"level_up_big",
        "day_num":1,
        "all_num":1,
        "buff":10,
        "mix_need_time":60,
        "mix_exp":10,
        "mix_all":100,
        "elixir_config":{
            "2":20,
            "4":20
        }
    },
    "1406":{
        "name":"澄心塑魂丹",
        "type":"丹药",
        "rank":38,
        "desc":"澄心塑魂丹，冲击化神境必备的3种丹药之一，使突破到化神境的概率提升10%，只可使用1颗！",
        "境界":"元婴境圆满",
        "buff_type":"level_up_big",
        "day_num":1,
        "all_num":1,
        "buff":10,
        "mix_need_time":60,
        "mix_exp":10,
        "mix_all":100,
        "elixir_config":{
            "2":24,
            "4":24
        }
    },
    "1407":{
        "name":"混元仙体丹",
        "type":"丹药",
        "rank":38,
        "desc":"混元仙体丹，冲击化神境必备的3种丹药之一，使突破到化神境的概率提升10%，只可使用1颗！",
        "境界":"元婴境圆满",
        "buff_type":"level_up_big",
        "day_num":1,
        "all_num":1,
        "buff":10,
        "mix_need_time":60,
        "mix_exp":10,
        "mix_all":100,
        "elixir_config":{
            "2":32,
            "4":32
        }
    },
    "1408":{
        "name":"黑炎丹",
        "type":"丹药",
        "rank":35,
        "desc":"黑炎丹，冲击炼虚境必备的2种丹药之一，使突破到炼虚境的概率提升10%，只可使用1颗！",
        "境界":"化神境圆满",
        "buff_type":"level_up_big",
        "day_num":1,
        "all_num":1,
        "buff":10,
        "mix_need_time":60,
        "mix_exp":10,
        "mix_all":100,
        "elixir_config":{
            "2":48,
            "4":48
        }
    },
    "1409":{
        "name":"金血丸",
        "type":"丹药",
        "rank":35,
        "desc":"金血丸，冲击炼虚境必备的2种丹药之一，使突破到炼虚境的概率提升10%，只可使用1颗！",
        "境界":"化神境圆满",
        "buff_type":"level_up_big",
        "day_num":1,
        "all_num":1,
        "buff":10,
        "mix_need_time":60,
        "mix_exp":10,
        "mix_all":100,
        "elixir_config":{
            "2":64,
            "4":64
        }
    },
    "1410":{
        "name":"虚灵丹",
        "type":"丹药",
        "rank":32,
        "desc":"虚灵丹，冲击合体境必备的2种丹药之一，使突破到合体境的概率提升10%，只可使用1颗！",
        "境界":"炼虚境圆满",
        "buff_type":"level_up_big",
        "day_num":1,
        "all_num":1,
        "buff":10,
        "mix_need_time":60,
        "mix_exp":10,
        "mix_all":100,
        "elixir_config":{
            "2":96,
            "4":96
        }
    },
    "1411":{
        "name":"净明丹",
        "type":"丹药",
        "rank":32,
        "desc":"净明丹，冲击合体境必备的2种丹药之一，使突破到合体境的概率提升10%，只可使用1颗！",
        "境界":"炼虚境圆满",
        "buff_type":"level_up_big",
        "day_num":1,
        "all_num":1,
        "buff":10,
        "mix_need_time":60,
        "mix_exp":10,
        "mix_all":100,
        "elixir_config":{
            "2":128,
            "4":128
        }
    },
    "1412":{
        "name":"安神灵液",
        "type":"丹药",
        "rank":29,
        "desc":"安神灵液，冲击大乘境必备的2种丹药之一，使突破到大乘境的概率提升10%，只可使用1颗！",
        "境界":"合体境圆满",
        "buff_type":"level_up_big",
        "day_num":1,
        "all_num":1,
        "buff":10,
        "mix_need_time":60,
        "mix_exp":10,
        "mix_all":100,
        "elixir_config":{
            "2":160,
            "4":160
        }
    },
    "1413":{
        "name":"魇龙之血",
        "type":"丹药",
        "rank":29,
        "desc":"魇龙之血，冲击大乘境必备的2种丹药之一，使突破到大乘境的概率提升10%，只可使用1颗！",
        "境界":"合体境圆满",
        "buff_type":"level_up_big",
        "day_num":1,
        "all_num":1,
        "buff":10,
        "mix_need_time":60,
        "mix_exp":10,
        "mix_all":100,
        "elixir_config":{
            "2":192,
            "4":192
        }
    },
    "1414":{
        "name":"化劫丹",
        "type":"丹药",
        "rank":26,
        "desc":"化渡丹，冲击渡劫境必备的丹药，使突破到渡劫境的概率提升20%，只可使用1颗！",
        "境界":"大乘境圆满",
        "buff_type":"level_up_big",
        "day_num":1,
        "all_num":1,
        "buff":20,
        "mix_need_time":60,
        "mix_exp":10,
        "mix_all":100,
        "elixir_config":{
            "2":256,
            "4":256
        }
    },
    "1415":{
        "name":"太上玄门丹",
        "type":"丹药",
        "rank":22,
        "desc":"太上玄门丹，冲击真仙境必备的丹药，使突破到真仙境的概率提升20%，只可使用1颗！",
        "境界":"半步真仙",
        "buff_type":"level_up_big",
        "day_num":1,
        "all_num":1,
        "buff":20,
        "mix_need_time":60,
        "mix_exp":10,
        "mix_all":100,
        "elixir_config":{
            "2":384,
            "4":384
        }
    },
    "1416":{
        "name":"金仙破厄丹",
        "type":"丹药",
        "rank":19,
        "desc":"金仙破厄丹，冲击金仙境必备的丹药，使突破到金仙境的概率提升20%，只可使用1颗！",
        "境界":"真仙境圆满",
        "buff_type":"level_up_big",
        "day_num":1,
        "all_num":1,
        "buff":20,
        "mix_need_time":60,
        "mix_exp":10,
        "mix_all":100,
        "elixir_config":{
            "2":768,
            "4":768
        }
    },
    "1417":{
        "name":"太乙炼髓丹",
        "type":"丹药",
        "rank":16,
        "desc":"太乙炼髓丹，冲击太乙境必备的丹药，使突破到太乙境的概率提升20%，只可使用1颗！",
        "境界":"金仙境圆满",
        "buff_type":"level_up_big",
        "day_num":1,
        "all_num":1,
        "buff":20,
        "mix_need_time":60,
        "mix_exp":10,
        "mix_all":100,
        "elixir_config":{
            "2":1536,
            "4":1536
        }
    },
    "2009":{
        "name":"摄魂鬼丸",
        "desc":"使用后可以永久增加720点攻击力！",
        "type":"丹药",
        "buff":720,
        "buff_type":"atk_buff",
        "day_num":5,
        "all_num":5,
        "rank":40,
        "境界":"元婴境初期",
        "mix_need_time":60,
        "mix_exp":10,
        "mix_all":10,
        "elixir_config":{
            "2":6,
            "6":6
        }
    },
    "2010":{
        "name":"化煞魔丸",
        "desc":"使用后可以永久增加1760点攻击力！",
        "type":"丹药",
        "buff":1760,
        "buff_type":"atk_buff",
        "day_num":5,
        "all_num":5,
        "rank":37,
        "境界":"化神境初期",
        "mix_need_time":60,
        "mix_exp":10,
        "mix_all":100,
        "elixir_config":{
            "2":12,
            "6":12
        }
    },
    "2011":{
        "name":"素心真丸",
        "desc":"使用后可以永久增加4160点攻击力！",
        "type":"丹药",
        "buff":4160,
        "buff_type":"atk_buff",
        "day_num":5,
        "all_num":5,
        "rank":34,
        "境界":"炼虚境初期",
        "mix_need_time":60,
        "mix_exp":10,
        "mix_all":100,
        "elixir_config":{
            "2":24,
            "6":24
        }
    },
    "2012":{
        "name":"灭神古丸",
        "desc":"使用后可以永久增加9600点攻击力！",
        "type":"丹药",
        "buff":9600,
        "buff_type":"atk_buff",
        "day_num":5,
        "all_num":5,
        "rank":31,
        "境界":"合体境初期",
        "mix_need_time":60,
        "mix_exp":10,
        "mix_all":100,
        "elixir_config":{
            "2":48,
            "6":48
        }
    },
    "2013":{
        "name":"静禅魔丸",
        "desc":"使用后可以永久增加21760点攻击力！",
        "type":"丹药",
        "buff":21760,
        "buff_type":"atk_buff",
        "day_num":5,
        "all_num":5,
        "rank":28,
        "境界":"大乘境初期",
        "mix_need_time":60,
        "mix_exp":10,
        "mix_all":100,
        "elixir_config":{
            "2":96,
            "6":96
        }
    },
    "2014":{
        "name":"地仙玄丸",
        "desc":"使用后可以永久增加48640点攻击力！",
        "type":"丹药",
        "buff":48640,
        "buff_type":"atk_buff",
        "day_num":5,
        "all_num":5,
        "rank":25,
        "境界":"渡劫境初期",
        "mix_need_time":60,
        "mix_exp":10,
        "mix_all":100,
        "elixir_config":{
            "2":192,
            "6":192
        }
    },
    "2015":{
        "name":"消冰宝丸",
        "desc":"使用后可以永久增加104840点攻击力！",
        "type":"丹药",
        "buff":104840,
        "buff_type":"atk_buff",
        "day_num":5,
        "all_num":5,
        "rank":22,
        "境界":"半步真仙",
        "mix_need_time":60,
        "mix_exp":10,
        "mix_all":100,
        "elixir_config":{
            "2":384,
            "6":384
        }
    },
    "2016":{
        "name":"无涯鬼丸",
        "desc":"使用后可以永久增加304840点攻击力！",
        "type":"丹药",
        "buff":304840,
        "buff_type":"atk_buff",
        "day_num":5,
        "all_num":5,
        "rank":18,
        "境界":"金仙境初期",
        "mix_need_time":60,
        "mix_exp":10,
        "mix_all":100,
        "elixir_config":{
            "2":768,
            "6":768
        }
    },
    "2017":{
        "name":"太一仙丸",
        "desc":"使用后可以永久增加604840点攻击力！",
        "type":"丹药",
        "buff":604840,
        "buff_type":"atk_buff",
        "day_num":5,
        "all_num":5,
        "rank":15,
        "境界":"太乙境初期",
        "mix_need_time":60,
        "mix_exp":10,
        "mix_all":100,
        "elixir_config":{
            "2":1536,
            "6":1536
        }
    }
}