{
    "4001":{
        "name":"寒铁铸心炉",
        "type":"炼丹炉",
        "desc":"由万年寒铁打造的顶尖丹炉，可以使产出的丹药增加2枚",
        "buff":2,
        "rank":20
    },
    "4002":{
        "name":"雕花紫铜炉",
        "type":"炼丹炉",
        "desc":"表面刻有精美雕花的紫铜丹炉，一看便出自大师之手，可以使产出的丹药增加1枚",
        "buff":1,
        "rank":30
    },
    "4003":{
        "name":"陨铁炉",
        "type":"炼丹炉",
        "desc":"以陨铁炼制的丹炉，耐高温，具有基础的炼丹功能",
        "buff":0,
        "rank":40
    }
}