{
  "1101":{
    "name": "生骨丹",
    "type": "丹药",
    "buff_type": "hp",
    "buff": 0.05,
    "price": 100000,
    "selling": 100,
    "desc": "回复状态的5%，练气境以上可以使用！",
    "境界": "练气境",
    "status": 1,
    "quantity": 1,
    "day_num":10,
    "all_num":999999,
    "rank":49
  },
  "1102":{
    "name": "化瘀丹",
    "type": "丹药",
    "buff_type": "hp",
    "buff": 0.1,
    "price": 100000,
    "selling": 100,
    "desc": "回复状态的10%，筑基境以上可以使用！",
    "境界": "筑基境",
    "status": 1,
    "quantity": 1,
    "day_num":10,
    "all_num":999999,
    "rank":46
  },
  "1103":{
    "name": "固元丹",
    "type": "丹药",
    "buff_type": "hp",
    "buff": 0.15,
    "price": 100000,
    "selling": 100,
    "desc": "回复状态的15%，结丹境以上可以使用！",
    "境界": "结丹境",
    "status": 1,
    "quantity": 1,
    "day_num":10,
    "all_num":999999,
    "rank":43
  },
  "1104":{
    "name": "培元丹",
    "type": "丹药",
    "buff_type": "hp",
    "buff": 0.2,
    "price": 100000,
    "selling": 100,
    "desc": "回复状态的20%，元婴境以上可以使用！",
    "境界": "元婴境",
    "status": 1,
    "quantity": 1,
    "day_num":10,
    "all_num":999999,
    "rank":40
  },
  "1105":{
    "name": "黄龙丹",
    "type": "丹药",
    "buff_type": "hp",
    "buff": 0.25,
    "price": 100000,
    "selling": 100,
    "desc": "回复状态的25%，化神境以上可以使用！",
    "境界": "化神境",
    "status": 1,
    "quantity": 1,
    "day_num":10,
    "all_num":999999,
    "rank":37
  },
  "1106":{
    "name": "回元丹",
    "type": "丹药",
    "buff_type": "hp",
    "buff": 0.3,
    "price": 100000,
    "selling": 100,
    "desc": "回复状态的30%，炼虚境以上可以使用！",
    "境界": "炼虚境",
    "status": 1,
    "quantity": 1,
    "day_num":10,
    "all_num":999999,
    "rank":34
  },
  "1107":{
    "name": "回春丹",
    "type": "丹药",
    "buff_type": "hp",
    "buff": 0.35,
    "price": 100000,
    "selling": 100,
    "desc": "回复状态的35%，合体境以上可以使用！",
    "境界": "合体境",
    "status": 1,
    "quantity": 1,
    "day_num":10,
    "all_num":999999,
    "rank":31
  },
  "1108":{
    "name": "养元丹",
    "type": "丹药",
    "buff_type": "hp",
    "buff": 0.4,
    "price": 100000,
    "selling": 100,
    "desc": "回复状态的40%，大乘境以上可以使用！",
    "境界": "大乘境",
    "status": 1,
    "quantity": 1,
    "day_num":10,
    "all_num":999999,
    "rank":28
  },
  "1109":{
    "name": "太元真丹",
    "type": "丹药",
    "buff_type": "hp",
    "buff": 0.45,
    "price": 100000,
    "selling": 100,
    "desc": "回复状态的45%，渡劫境以上可以使用！",
    "境界": "渡劫境",
    "status": 1,
    "quantity": 1,
    "day_num":10,
    "all_num":999999,
    "rank":25
  },
  "1110":{
    "name": "九阳真丹",
    "type": "丹药",
    "buff_type": "hp",
    "buff": 0.5,
    "price": 100000,
    "selling": 100,
    "desc": "回复状态的50%，半步真仙以上可以使用！",
    "境界": "半步真仙",
    "status": 1,
    "quantity": 1,
    "day_num":10,
    "all_num":999999,
    "rank":22
  },
  "1111":{
    "name": "归藏灵丹",
    "type": "丹药",
    "buff_type": "hp",
    "buff": 0.6,
    "price": 100000,
    "selling": 100,
    "desc": "回复状态的60%，金仙境以上可以使用！",
    "境界": "金仙境",
    "status": 1,
    "quantity": 1,
    "day_num":10,
    "all_num":999999,
    "rank":18
  },
  "1112":{
    "name": "天命血凝丹",
    "type": "丹药",
    "buff_type": "all",
    "buff": 0,
    "price": 100000,
    "selling": 100,
    "desc": "回复全部状态，金仙境以上可以使用！",
    "境界": "金仙境",
    "status": 1,
    "quantity": 1,
    "day_num":10,
    "all_num":999999,
    "rank":18
  },


  "1500":{
    "name": "冰心丹",
    "type": "丹药",
    "buff_type": "level_up_rate",
    "buff": 1,
    "price": 100000,
    "selling": 100,
    "desc": "使下一次突破成功几率增加1%，炼虚境以上可使用",
    "境界": "炼虚境",
    "status": 1,
    "quantity": 1,
    "day_num":10,
    "all_num":100,
    "rank":34
},
"1501":{
    "name": "明心丹",
    "type": "丹药",
    "buff_type": "level_up_rate",
    "buff": 1,
    "price": 100000,
    "selling": 100,
    "desc": "使下一次突破成功几率增加1%，合体境以上可使用",
    "境界": "合体境",
    "status": 1,
    "quantity": 1,
    "day_num":10,
    "all_num":100,
    "rank":31
},
"1502":{
    "name": "幻心玄丹",
    "type": "丹药",
    "buff_type": "level_up_rate",
    "buff": 1,
    "price": 100000,
    "selling": 100,
    "desc": "使下一次突破成功几率增加1%，大乘境以上可使用",
    "境界": "大乘境",
    "status": 1,
    "quantity": 1,
    "day_num":10,
    "all_num":100,
    "rank":28
},
"1503":{
    "name": "鬼面炼心丹",
    "type": "丹药",
    "buff_type": "level_up_rate",
    "buff": 1,
    "price": 100000,
    "selling": 100,
    "desc": "使下一次突破成功几率增加1%，渡劫境以上可使用",
    "境界": "渡劫境",
    "status": 1,
    "quantity": 1,
    "day_num":10,
    "all_num":100,
    "rank":25
},
"1504":{
    "name": "少阴清灵丹",
    "type": "丹药",
    "buff_type": "level_up_rate",
    "buff": 1,
    "price": 100000,
    "selling": 100,
    "desc": "使下一次突破成功几率增加1%，真仙境以上可使用",
    "境界": "真仙境",
    "status": 1,
    "quantity": 1,
    "day_num":10,
    "all_num":100,
    "rank":21
},
"1505":{
    "name": "天命炼心丹",
    "type": "丹药",
    "buff_type": "level_up_rate",
    "buff": 1,
    "price": 100000,
    "selling": 100,
    "desc": "使下一次突破成功几率增加1%，金仙境以上可使用",
    "境界": "金仙境",
    "status": 1,
    "quantity": 1,
    "day_num":10,
    "all_num":100,
    "rank":18
},
  "1999":{
    "name": "渡厄丹",
    "type": "丹药",
    "buff_type": "level_up",
    "buff": 0,
    "price": 100000,
    "selling": 100,
    "desc": "使下一次突破丢失的修为减少为0！",
    "境界": "渡劫境",
    "status": 1,
    "quantity": 1,
    "rank":24
}
}