{
    "江湖好手": 100,
    "练气境初期": 40,
    "练气境中期": 39,
    "练气境圆满": 38,
    "筑基境初期": 37,
    "筑基境中期": 36,
    "筑基境圆满": 35,
    "结丹境初期": 34,
    "结丹境中期": 33,
    "结丹境圆满": 32,
    "元婴境初期": 31,
    "元婴境中期": 30,
    "元婴境圆满": 29,
    "化神境初期": 28,
    "化神境中期": 27,
    "化神境圆满": 26,
    "炼虚境初期": 25,
    "炼虚境中期": 24,
    "炼虚境圆满": 23,
    "合体境初期": 22,
    "合体境中期": 21,
    "合体境圆满": 20,
    "大乘境初期": 18,
    "大乘境中期": 16,
    "大乘境圆满": 10,
    "渡劫境初期": 8,
    "渡劫境中期": 6,
    "渡劫境圆满": 1,
    "半步真仙": 1,
    "真仙境初期": 1,
    "真仙境中期": 1,
    "真仙境圆满": 1,
    "金仙境初期": 1,
    "金仙境中期": 1,
    "金仙境圆满": 1,
    "太乙境初期": 1,
    "太乙境中期": 1,
    "太乙境圆满": 1
}
