{
  "采药": {
    "寻找玉髓芝": {
      "rate": 80,
      "time": 6,
      "succeed": ["一番辛苦，终于找到了玉髓芝，成功完成了任务！"],
      "succeed_thank" : 600,
      "fail": ["采摘的玉髓芝被偷了一部分，报酬也少了大半..."],
      "fail_thank" : 100
    },
    "寻找紫猴花": {
      "rate": 70,
      "time": 6,
      "succeed": ["一番辛苦，终于找到了紫猴花，成功完成了任务！"],
      "succeed_thank" : 750,
      "fail": ["采摘的紫猴花被偷了一部分，报酬也少了大半..."],
      "fail_thank" : 100
    },
    "寻找天灵果": {
      "rate": 60,
      "time": 6,
      "succeed": ["一番辛苦，终于找到了天灵果，成功完成了任务！"],
      "succeed_thank" : 800,
      "fail": ["采摘的天灵果被偷了一部分，报酬也少了大半..."],
      "fail_thank" : 100
    },
    "寻找风灵花": {
      "rate": 50,
      "time": 6,
      "succeed": ["一番辛苦，终于找到了风灵花，成功完成了任务！"],
      "succeed_thank" : 880,
      "fail": ["采摘的风灵花被偷了一部分，报酬也少了大半..."],
      "fail_thank" : 100
    },
    "寻找玄冰花": {
      "rate": 40,
      "time": 6,
      "succeed": ["一番辛苦，终于找到了玄冰花，成功完成了任务！"],
      "succeed_thank" : 1200,
      "fail": ["采摘的玄冰花保存不当，消失； 一大半，报酬也少了大半..."],
      "fail_thank" : 100
    }
  },
  "捉妖": {
    "捕捉七彩吞天蟒幼崽": {
      "rate": 40,
      "time": 12,
      "succeed": ["抓获七彩吞天蟒幼崽成功！快跑"],
      "succeed_thank" : 2100,
      "fail": ["偷摸还没进去就被发现了，被打成了重伤..."],
      "fail_thank" : 100
    },
    "捕捉黄金比蒙": {
      "rate": 60,
      "time": 12,
      "succeed": ["捕捉黄金比蒙成功！"],
      "succeed_thank" : 1450,
      "fail": ["失误把黄金比蒙杀死了..."],
      "fail_thank" : 100
    },
    "捕捉鬼面马": {
      "rate": 70,
      "time": 12,
      "succeed": ["捕捉鬼面马成功！"],
      "succeed_thank" : 1300,
      "fail": ["失误把鬼面马杀死了..."],
      "fail_thank" : 100
    },
    "捕捉啸月天狼": {
      "rate": 50,
      "time": 12,
      "succeed": ["捕捉啸月天狼成功！"],
      "succeed_thank" : 1800,
      "fail": ["失误把啸月天狼杀死了..."],
      "fail_thank" : 100
    },
    "捕捉雷纹虎": {
      "rate": 30,
      "time": 12,
      "succeed": ["捕捉雷纹虎成功！"],
      "succeed_thank" : 2500,
      "fail": ["失误把雷纹虎杀死了..."],
      "fail_thank" : 100
    }
  },
  "暗杀": {
    "重伤拜月教主": {
      "rate": 60,
      "time": 18,
      "succeed": ["一番大战下来，只能重伤了拜月教主！自己也身受重伤。"],
      "succeed_thank" : 2000,
      "fail": ["一番大战下来，被打的落花流水，只能逃跑！"],
      "fail_thank" : 150},
    "击杀鬼灵门少主": {
      "rate": 70,
      "time": 18,
      "succeed": ["一番大战下来，差点击杀了鬼灵门少主！自己也身受重伤。"],
      "succeed_thank" : 1700,
      "fail": ["一番大战下来，被打的落花流水，只能逃跑！..."],
      "fail_thank" : 150
    },
    "击杀掩月宗宣月": {
      "rate": 30,
      "time": 18,
      "succeed": ["一番大战下来，差点击杀了掩月宗宣月！自己也身受重伤。"],
      "succeed_thank" : 3000,
      "fail": ["一番大战下来，被打的落花流水，只能逃跑！..."],
      "fail_thank" : 150
    },
    "活捉毒皇欢都擎天": {
      "rate": 20,
      "time": 18,
      "succeed": ["一番大战下来，差点击杀了毒皇欢都擎天！自己也身受重伤。"],
      "succeed_thank" : 6000,
      "fail": ["一番大战下来，被打的落花流水，只能逃跑！..."],
      "fail_thank" : 150
    },
     "阻止唐三复活女大学生": {
      "rate": 40,
      "time": 18,
      "succeed": ["你偷偷的把女大学生的魂骨换成了大体老师的骨头，复活进行到一半唐三的魂环全炸了..."],
      "succeed_thank" : 3000,
      "fail": ["赶到的时候只看到了唐三大喊:复活吧我滴爱人！"],
      "fail_thank" : 150
    },
    "活捉涂山苏苏": {
      "rate": 10,
      "time": 18,
      "succeed": ["皇天不负有心人，拿糖果把涂山苏苏骗到手了！"],
      "succeed_thank" : 12000,
      "fail": ["东方月初及时赶到，差点被打死"],
      "fail_thank" : 150
    }
  }
}
