{
  "江湖好手": {
    "寻找曼陀罗花": {
      "level": "易",
      "succeed": "将曼陀罗花交易给凡人军队，赚得些许灵石",
      "fail": "因为尚未辟谷出发前吃坏肚子，草药被人捷足先登"
    }
  },
  "练气境": {
    "寻找活血草": {
      "level": "易",
      "succeed": "一番辛苦，成功用采到的活血草换取了灵石！",
      "fail": "脚一滑从山崖上摔落，简直愧对仙门..."
    },
    "替凡人清理鬼藤": {
      "level": "中",
      "succeed": "鬼藤棘手，却难挡火弹之威，成功完成委托！",
      "fail": "因为认不出鬼藤，从白天走到半夜，被捞翔嫌弃了..."
    }
  },
  "筑基境": {
    "寻找紫猴花": {
      "level": "易",
      "succeed": "深入血色禁地，成功采到了紫猴花！",
      "fail": "必经之路上有一群魔兽守护，难以通过..."
    },
    "寻找九叶芝": {
      "level": "中",
      "succeed": "一番辛苦，成功采到了九叶芝！",
      "fail": "把九叶草认成了九叶芝，被委托人狠狠滴嘲讽..."
    },
    "寻找玄冰花": {
      "level": "中",
      "succeed": "一番辛苦，成功采到了玄冰花！",
      "fail": "因为保存不当，辛苦采到的玄冰花损坏了..."
    }
  },
  "结丹境": {
    "寻找玄灵砂": {
      "level": "易",
      "succeed": "一番辛苦，成功採取玄灵砂！",
      "fail": "采集时操作不当，玄灵砂的灵气散尽了..."
    },
    "寻找龙鳞果": {
      "level": "中",
      "succeed": "一番辛苦，成功采到了龙鳞果！",
      "fail": "采集时遇到前来采果的龙形妖兽，一番激战..你落荒而逃！"
    },
    "寻找凤涎香": {
      "level": "中",
      "succeed": "一番辛苦，成功采到了凤涎香！",
      "fail": "凤涎香实在太香，你定力不足把凤涎香给造了，真香！"
    },
    "搜集炼晶": {
      "level": "难",
      "succeed": "千辛万苦，终于搜集到了足够的炼晶",
      "fail": "炼晶何其珍贵，道友不要异想天开啦..."
    }
  },
  "元婴境": {
    "寻找阴枣": {
      "level": "易",
      "succeed": "拿到了只有阴年阴月阴时出生之人的坟前才会生长的阴枣..你好缺德！",
      "fail": "一时大意被阴枣入体导致阴气反噬，在床上躺了一星期..."
    },
    "寻找金阳芝": {
      "level": "中",
      "succeed": "一番辛苦，成功采到了金阳芝！",
      "fail": "采集时被化神期老怪发现，金阳芝被抢走了..."
    },
    "搜集金精": {
      "level": "中",
      "succeed": "一番辛苦，搜集到了足够的金精",
      "fail": "搜集到的金精被急需材料炼器的好友骗走了，交友不慎呐..."
    },
    "搜集养魂木": {
      "level": "难",
      "succeed": "陷入养魂木争夺战，手段尽出终于拿到了养魂木！",
      "fail": "陷入养魂木争夺战，因为暴露身份被集火，只能另寻办法..."
    }
  },
  "化神境": {
    "寻找九天陨铁": {
      "level": "中",
      "succeed": "一番辛苦，成功採取九天陨铁！",
      "fail": "还没靠近就被九天陨铁的奇异灵波影响，差点长出第二颗脑袋..."
    },
    "寻找碧水青莲": {
      "level": "中",
      "succeed": "一番辛苦，成功采到了碧水青莲！",
      "fail": "意外触动了山洞禁制，采集的灵药全部损毁了..."
    },
    "寻找万年阴沉木": {
      "level": "难",
      "succeed": "发现被不识货小店挂出的万年阴沉木，成功用低价买下",
      "fail": "发现被不识货小店挂出的万年阴沉木，但由于演技太差店主直接下架了..."
    },
    "搜集化一神泥": {
      "level": "高难",
      "succeed": "在一处上古遗迹成功採取到化一神泥！",
      "fail": "你找到之后才想起自己太穷，根本没有能采集化一神泥的法器..."
    }
  },
  "炼虚境": {
    "搜集木铃花": {
      "level": "中",
      "succeed": "一番辛苦，成功采到了足够的木铃花！",
      "fail": "天鹏族大长老突然从天而降，把所有的木铃花都收走了..."
    },
    "寻找青罗果核": {
      "level": "中",
      "succeed": "一番辛苦，成功找到了青罗果核！",
      "fail": "出门没看黄历，被路过的巨兽撞了个半死..."
    },
    "寻找碧眼真蟾血": {
      "level": "难",
      "succeed": "与碧眼真蟾激战，成功收集到了足够的碧眼真蟾血！",
      "fail": "碧眼真蟾过于棘手，任务失败..."
    },
    "寻找炎金之精": {
      "level": "难",
      "succeed": "一番辛苦，成功找到了炎金之精！",
      "fail": "和人争夺炎金之精，太过嚣张被围殴了..."
    },
    "寻找金雷竹": {
      "level": "高难",
      "succeed": "千辛万苦，从一海外散修处收到一小截金雷竹，勉强完成任务！",
      "fail": "金雷竹已经绝迹多年，道友不要异想天开啦..."
    }
  },
  "合体境": {
    "寻找芝龙果": {
      "level": "中",
      "succeed": "进入蛮荒地界，一番辛苦成功找到了芝龙果！",
      "fail": "马上要拿到芝龙果之时突然眼前一黑，回过神来芝龙果已经消失了..."
    },
    "搜集琉璃天火液": {
      "level": "中",
      "succeed": "一番辛苦，成功找到了琉璃天火液！",
      "fail": "没仔细看标签，错买了一瓶琉璃夫火液..."
    },
    "寻找泣灵血木": {
      "level": "难",
      "succeed": "一番辛苦，成功找到了泣灵血木！",
      "fail": "被泣灵血木的阴气影响，神魂不受控制离体半个月..."
    },
    "寻找血牙米": {
      "level": "难",
      "succeed": "潜入魔界，成功与魔界圣祖交易到血牙米！",
      "fail": "血牙米实在太香，你又忍不住把任务道具吃掉了..."
    },
    "寻找真龙之血": {
      "level": "高难",
      "succeed": "一番血战，成功抢到了真龙之血",
      "fail": "真龙族人闻讯赶来，强行收取了所有龙血..."
    }
  },
  "大乘境": {
    "搜集息壤之土": {
      "level": "中",
      "succeed": "搜寻数月，成功找到了息壤之土",
      "fail": "悬赏令失败了..."
    },
    "寻找漓水珠": {
      "level": "中",
      "succeed": "在商队黑吃黑现场意外找到了漓水珠，成功完成任务！",
      "fail": "悬赏令失败了..."
    },
    "寻找元磁神山": {
      "level": "难",
      "succeed": "通过空间挪移成功收取了元磁神山！",
      "fail": "修行不足的你连接近元磁神山都做不到..."
    },
    "寻找冥河神乳": {
      "level": "难",
      "succeed": "潜入地渊，成功与青元子交易了冥河神乳！",
      "fail": "粗心大意被蜉蝣族巡逻队发现，在数名同阶的追杀下落荒而逃..."
    },
    "寻找天音雷核": {
      "level": "高难",
      "succeed": "豁命穿越空间裂缝到达灵缈园，拿到了天音雷核！",
      "fail": "穿越空间裂缝时遇上时震，差点被传送到十年后..."
    }
  },
  "渡劫境": {
    "寻找菩提定魂香": {
      "level": "中",
      "succeed": "千辛万苦，终于在一处佛墟中找到了定魂香！",
      "fail": "取宝时被数名结伴渡劫期老贼发现，只能将其拱手相让..."
    },
    "寻找九窍灵翠": {
      "level": "中",
      "succeed": "千辛万苦，终于在一处疑似真仙洞府找到了九窍灵翠！",
      "fail": "在探寻一处疑似真仙洞府时无意中触动阵法，被禁制击成重伤..."
    },
    "搜集太乙白金": {
      "level": "难",
      "succeed": "千辛万苦，採取到了足够的太乙白金！",
      "fail": "太乙白金是天下至刚至阳之物，无耻的你根本无法触碰它..."
    },
    "寻找坐化真仙残躯": {
      "level": "难",
      "succeed": "使出数个底牌，成功在争夺中抢到一半真仙残躯！",
      "fail": "真仙残躯突然自主行动，重伤了在场所有人之后扬长而去了..."
    },
    "寻找真灵本源": {
      "level": "高难",
      "succeed": "无耻的你跟踪真灵传人数个月，终于找到机会成功盗取真灵本源！",
      "fail": "跟踪时过于托大被发现，被真灵世家集体通缉..."
    }
  }
}