{
    "1": {
          "name": "大气血丹",
          "type": "丹药",
          "buff_type": "hp",
          "buff": 1,
          "price": 1000,
          "selling": 100,
          "desc": "回复气血100%",
          "境界": "筑基期",
          "status": 1,
          "quantity": 1
    },
    "2":{
          "name": "小气血丹",
          "type": "丹药",
          "buff_type": "hp",
          "buff": 0.5,
          "price": 1000,
          "selling": 100,
          "desc": "回复气血50%",
          "境界": "筑基期",
          "status": 1,
          "quantity": 1
    }
}