{
    "江湖好手": {
      "power": 50, 
      "ATK": 7,
      "AC": 10,
      "spend": 1,
      "HP": 28,
      "MP": 100,
      "comment": 0,
      "rate": 100,
      "exp": 1000,
      "SP": 28
    },
    "练气境初期": {
      "power": 100,
      "ATK": 14,
      "AC": 10,
      "spend": 1.1,
      "HP": 56,
      "MP": 100,
      "comment": 0,
      "rate": 95,
      "exp": 10000,
      "SP": 56
    },
    "练气境中期": {
      "power": 150,
      "ATK": 28,
      "AC": 10,
      "spend": 1.2,
      "HP": 77,
      "MP": 100,
      "comment": 0,
      "rate": 100,
      "exp": 15000,
      "SP": 77
  
    },
    "练气境圆满": {
      "power": 200,
      "ATK": 42,
      "AC": 10,
      "spend": 1.6,
      "HP": 98,
      "MP": 100,
      "comment": 0,
      "rate": 100,
      "exp": 20000,
      "SP": 98
  
    },
    "筑基境初期": {
      "power": 300,
      "ATK": 56,
      "AC": 10,
      "spend": 2.0,
      "HP": 154,
      "MP": 100,
      "comment": 0,
      "rate": 100,
      "exp": 40000,
      "SP": 154
  
    },
    "筑基境中期": {
      "power": 400,
      "ATK": 70,
      "AC": 10,
      "spend": 2.2,
      "HP": 210,
      "MP": 100,
      "comment": 0,
      "rate": 100,
      "exp": 60000,
      "SP": 210
  
  
    },
    "筑基境圆满": {
      "power": 500,
      "ATK": 84,
      "AC": 10,
      "spend": 2.6,
      "HP": 266,
      "MP": 100,
      "comment": 0,
      "rate": 100,
      "exp": 80000,
      "SP": 266
  
    },
    "结丹境初期": {
      "power": 650,
      "ATK": 98,
      "AC": 10,
      "spend": 3.0,
      "HP": 357,
      "MP": 100,
      "comment": 0,
      "rate": 100,
      "exp": 110000,
      "SP": 357
  
    },
    "结丹境中期": {
      "power": 800,
      "ATK": 112,
      "AC": 10,
      "spend": 3.2,
      "HP": 448,
      "MP": 100,
      "comment": 0,
      "rate": 100,
      "exp": 140000,
      "SP": 448
  
    },
    "结丹境圆满": {
      "power": 950,
      "ATK": 126,
      "AC": 10,
      "spend": 3.6,
      "HP": 539,
      "MP": 100,
      "comment": 0,
      "rate": 100,
      "exp": 170000,
      "SP": 539
  
    },
    "元婴境初期": {
      "power": 1150,
      "ATK": 140,
      "AC": 10,
      "spend": 4.0,
      "HP": 665,
      "MP": 100,
      "comment": 0,
      "rate": 100,
      "exp": 210000,
      "SP": 665
  
    },
    "元婴境中期": {
      "power": 1350,
      "ATK": 168,
      "AC": 10,
      "spend": 4.2,
      "HP": 777,
      "MP": 100,
      "comment": 0,
      "rate": 100,
      "exp": 250000,
      "SP": 777
  
    },
    "元婴境圆满": {
      "power": 1550,
      "ATK": 182,
      "AC": 10,
      "spend": 4.6,
      "HP": 903,
      "MP": 100,
      "comment": 0,
      "rate": 100,
      "exp": 290000,
      "SP": 903
  
    },
    "化神境初期": {
      "power": 1800,
      "ATK": 196,
      "AC": 10,
      "spend": 5.0,
      "HP": 1064,
      "MP": 100,
      "comment": 0,
      "rate": 100,
      "exp": 340000,
      "SP": 1064
  
    },
    "化神境中期": {
      "power": 2050,
      "ATK": 210,
      "AC": 10,
      "spend": 5.2,
      "HP": 1225,
      "MP": 100,
      "comment": 0,
      "rate": 100,
      "exp": 390000,
      "SP": 1225
  
    },
    "化神境圆满": {
      "power": 2300,
      "ATK": 224,
      "AC": 10,
      "spend": 5.6,
      "HP": 1386,
      "MP": 100,
      "comment": 0,
      "rate": 100,
      "exp": 440000,
      "SP": 1386
  
    },
    "炼虚境初期": {
      "power": 2600,
      "ATK": 238,
      "AC": 10,
      "spend": 6.0,
      "HP": 1582,
      "MP": 100,
      "comment": 0,
      "rate": 100,
      "exp": 500000,
      "SP": 1582
  
    },
    "炼虚境中期": {
      "power": 2900,
      "ATK": 252,
      "AC": 10,
      "spend": 6.2,
      "HP": 1778,
      "MP": 100,
      "comment": 0,
      "rate": 100,
      "exp": 560000,
      "SP": 1778
  
    },
    "炼虚境圆满": {
      "power": 3200,
      "ATK": 266,
      "AC": 10,
      "spend": 6.6,
      "HP": 1974,
      "MP": 100,
      "comment": 0,
      "rate": 100,
      "exp": 620000,
      "SP": 1974
  
    },
    "合体境初期": {
      "power": 3550,
      "ATK": 280,
      "AC": 10,
      "spend": 7.0,
      "HP": 2205,
      "MP": 100,
      "comment": 0,
      "rate": 100,
      "exp": 690000,
      "SP": 2205
  
    },
    "合体境中期": {
      "power": 3900,
      "ATK": 294,
      "AC": 10,
      "spend": 7.2,
      "HP": 2436,
      "MP": 100,
      "comment": 0,
      "rate": 100,
      "exp": 760000,
      "SP": 2436
  
    },
    "合体境圆满": {
      "power": 4250,
      "ATK": 308,
      "AC": 10,
      "spend": 7.6,
      "HP": 2667,
      "MP": 100,
      "comment": 0,
      "rate": 100,
      "exp": 830000,
      "SP": 2667
  
    },
    "大乘境初期": {
      "power": 4650,
      "ATK": 322,
      "AC": 10,
      "spend": 8.0,
      "HP": 2933,
      "MP": 100,
      "comment": 0,
      "rate": 100,
      "exp": 910000,
      "SP": 2933
  
    },
    "大乘境中期": {
      "power": 5050,
      "ATK": 336,
      "AC": 10,
      "spend": 8.2,
      "HP": 3199,
      "MP": 100,
      "comment": 0,
      "rate": 100,
      "exp": 990000,
      "SP": 3199
  
    },
    "大乘境圆满": {
      "power": 5450,
      "ATK": 350,
      "AC": 10,
      "spend": 8.6,
      "HP": 3465,
      "MP": 100,
      "comment": 0,
      "rate": 100,
      "exp": 1070000,
      "SP": 3465
  
    },
    "渡劫境初期": {
      "power": 5900,
      "ATK": 371,
      "AC": 10,
      "spend": 9.0,
      "HP": 3759,
      "MP": 100,
      "comment": 0,
      "rate": 100,
      "exp": 1160000,
      "SP": 3759
  
    },
    "渡劫境中期": {
      "power": 6350,
      "ATK": 392,
      "AC": 10,
      "spend": 9.2,
      "HP": 4053,
      "MP": 100,
      "comment": 0,
      "rate": 100,
      "exp": 1250000,
      "SP": 4053
  
    },
    "渡劫境圆满": {
      "power": 6800,
      "ATK": 413,
      "AC": 10,
      "spend": 10,
      "HP": 4347,
      "MP": 100,
      "comment": 0,
      "rate": 100,
      "exp": 1340000,
      "SP": 4347
  
    },
    "半步真仙": {
      "power": 7300,
      "ATK": 434,
      "AC": 10,
      "spend": 11,
      "HP": 4676,
      "MP": 100,
      "comment": 0,
      "rate": 100,
      "exp": 1440000,
      "SP": 4676
  
    },
    "真仙境初期": {
      "power": 7800,
      "ATK": 490,
      "AC": 10,
      "spend": 12,
      "HP": 4970,
      "MP": 100,
      "comment": 0,
      "rate": 100,
      "exp": 1540000,
      "SP": 4970
  
    },
    "真仙境中期": {
      "power": 8300,
      "ATK": 525,
      "AC": 10,
      "spend": 13,
      "HP": 5285,
      "MP": 100,
      "comment": 0,
      "rate": 100,
      "exp": 1640000,
      "SP": 5285
  
    },
    "真仙境圆满": {
      "power": 8800,
      "ATK": 560,
      "AC": 10,
      "spend": 14,
      "HP": 5600,
      "MP": 100,
      "comment": 0,
      "rate": 100,
      "exp": 1740000,
      "SP": 5600
  
    },
    "金仙境初期": {
      "power": 9350,
      "ATK": 595,
      "AC": 10,
      "spend": 15,
      "HP": 5950,
      "MP": 100,
      "comment": 0,
      "rate": 100,
      "exp": 1850000,
      "SP": 5950
  
    },
    "金仙境中期": {
      "power": 9900,
      "ATK": 630,
      "AC": 10,
      "spend": 16,
      "HP": 6300,
      "MP": 100,
      "comment": 0,
      "rate": 100,
      "exp": 1960000,
      "SP": 6300
  
    },
    "金仙境圆满": {
      "power": 10450,
      "ATK": 665,
      "AC": 10,
      "spend": 17,
      "HP": 6650,
      "MP": 100,
      "comment": 0,
      "rate": 100,
      "exp": 2070000,
      "SP": 6650
  
    },
    "太乙境初期": {
      "power": 11050,
      "ATK": 700,
      "AC": 10,
      "spend": 18,
      "HP": 7035,
      "MP": 100,
      "comment": 0,
      "rate": 100,
      "exp": 2180000,
      "SP": 7035
    },
    "太乙境中期": {
      "power": 11650,
      "ATK": 749,
      "AC": 10,
      "spend": 19,
      "HP": 7406,
      "MP": 100,
      "comment": 0,
      "rate": 100,
      "exp": 2300000,
      "SP": 7406
    },
    "太乙境圆满": {
      "power": 12200,
      "ATK": 798,
      "AC": 10,
      "spend": 20,
      "HP": 7742,
      "MP": 100,
      "comment": 0,
      "rate": 100,
      "exp": 2420000,
      "SP": 7742
  
    },
    "悟道境": {
      "power": 15000,
      "ATK": 1050,
      "AC": 10,
      "spend": 20,
      "HP": 9450,
      "MP": 100,
      "comment": 0,
      "rate": 100,
      "exp": 2540000,
      "SP": 9450
  
    }
  }
  