{
    "江湖好手": {
      "power": 62, 
      "ATK": 10,
      "AC": 10,
      "spend": 1,
      "HP": 52,
      "MP": 100,
      "comment": 0,
      "rate": 100,
      "exp": 1000,
      "SP": 20
    },
    "练气境初期": {
      "power": 100,
      "ATK": 20,
      "AC": 10,
      "spend": 1.1,
      "HP": 104,
      "MP": 100,
      "comment": 0,
      "rate": 95,
      "exp": 10000,
      "SP": 40
    },
    "练气境中期": {
      "power": 150,
      "ATK": 40,
      "AC": 10,
      "spend": 1.2,
      "HP": 137,
      "MP": 100,
      "comment": 0,
      "rate": 100,
      "exp": 15000,
      "SP": 55
  
    },
    "练气境圆满": {
      "power": 200,
      "ATK": 60,
      "AC": 10,
      "spend": 1.6,
      "HP": 170,
      "MP": 100,
      "comment": 0,
      "rate": 100,
      "exp": 20000,
      "SP": 70
  
    },
    "筑基境初期": {
      "power": 300,
      "ATK": 80,
      "AC": 10,
      "spend": 2.0,
      "HP": 286,
      "MP": 100,
      "comment": 0,
      "rate": 100,
      "exp": 40000,
      "SP": 110
  
    },
    "筑基境中期": {
      "power": 400,
      "ATK": 100,
      "AC": 10,
      "spend": 2.2,
      "HP": 390,
      "MP": 100,
      "comment": 0,
      "rate": 100,
      "exp": 60000,
      "SP": 150
  
  
    },
    "筑基境圆满": {
      "power": 500,
      "ATK": 120,
      "AC": 10,
      "spend": 2.6,
      "HP": 494,
      "MP": 100,
      "comment": 0,
      "rate": 100,
      "exp": 80000,
      "SP": 190
  
    },
    "结丹境初期": {
      "power": 650,
      "ATK": 140,
      "AC": 10,
      "spend": 3.0,
      "HP": 663,
      "MP": 100,
      "comment": 0,
      "rate": 100,
      "exp": 110000,
      "SP": 255
  
    },
    "结丹境中期": {
      "power": 800,
      "ATK": 160,
      "AC": 10,
      "spend": 3.2,
      "HP": 832,
      "MP": 100,
      "comment": 0,
      "rate": 100,
      "exp": 140000,
      "SP": 320
  
    },
    "结丹境圆满": {
      "power": 950,
      "ATK": 180,
      "AC": 10,
      "spend": 3.6,
      "HP": 1001,
      "MP": 100,
      "comment": 0,
      "rate": 100,
      "exp": 170000,
      "SP": 385
  
    },
    "元婴境初期": {
      "power": 1150,
      "ATK": 200,
      "AC": 10,
      "spend": 4.0,
      "HP": 1235,
      "MP": 100,
      "comment": 0,
      "rate": 100,
      "exp": 210000,
      "SP": 475
  
    },
    "元婴境中期": {
      "power": 1350,
      "ATK": 240,
      "AC": 10,
      "spend": 4.2,
      "HP": 1443,
      "MP": 100,
      "comment": 0,
      "rate": 100,
      "exp": 250000,
      "SP": 555
  
    },
    "元婴境圆满": {
      "power": 1550,
      "ATK": 260,
      "AC": 10,
      "spend": 4.6,
      "HP": 1677,
      "MP": 100,
      "comment": 0,
      "rate": 100,
      "exp": 290000,
      "SP": 645
  
    },
    "化神境初期": {
      "power": 1800,
      "ATK": 280,
      "AC": 10,
      "spend": 5.0,
      "HP": 1976,
      "MP": 100,
      "comment": 0,
      "rate": 100,
      "exp": 340000,
      "SP": 760
  
    },
    "化神境中期": {
      "power": 2050,
      "ATK": 300,
      "AC": 10,
      "spend": 5.2,
      "HP": 2275,
      "MP": 100,
      "comment": 0,
      "rate": 100,
      "exp": 390000,
      "SP": 875
  
    },
    "化神境圆满": {
      "power": 2300,
      "ATK": 320,
      "AC": 10,
      "spend": 5.6,
      "HP": 2574,
      "MP": 100,
      "comment": 0,
      "rate": 100,
      "exp": 440000,
      "SP": 990
  
    },
    "炼虚境初期": {
      "power": 2600,
      "ATK": 340,
      "AC": 10,
      "spend": 6.0,
      "HP": 2938,
      "MP": 100,
      "comment": 0,
      "rate": 100,
      "exp": 500000,
      "SP": 1130
  
    },
    "炼虚境中期": {
      "power": 2900,
      "ATK": 360,
      "AC": 10,
      "spend": 6.2,
      "HP": 3302,
      "MP": 100,
      "comment": 0,
      "rate": 100,
      "exp": 560000,
      "SP": 1270
  
    },
    "炼虚境圆满": {
      "power": 3200,
      "ATK": 380,
      "AC": 10,
      "spend": 6.6,
      "HP": 3666,
      "MP": 100,
      "comment": 0,
      "rate": 100,
      "exp": 620000,
      "SP": 1410
  
    },
    "合体境初期": {
      "power": 3550,
      "ATK": 400,
      "AC": 10,
      "spend": 7.0,
      "HP": 4095,
      "MP": 100,
      "comment": 0,
      "rate": 100,
      "exp": 690000,
      "SP": 1575
  
    },
    "合体境中期": {
      "power": 3900,
      "ATK": 420,
      "AC": 10,
      "spend": 7.2,
      "HP": 4524,
      "MP": 100,
      "comment": 0,
      "rate": 100,
      "exp": 760000,
      "SP": 1740
  
    },
    "合体境圆满": {
      "power": 4250,
      "ATK": 440,
      "AC": 10,
      "spend": 7.6,
      "HP": 4953,
      "MP": 100,
      "comment": 0,
      "rate": 100,
      "exp": 830000,
      "SP": 1905
  
    },
    "大乘境初期": {
      "power": 4650,
      "ATK": 460,
      "AC": 10,
      "spend": 8.0,
      "HP": 5447,
      "MP": 100,
      "comment": 0,
      "rate": 100,
      "exp": 910000,
      "SP": 2095
  
    },
    "大乘境中期": {
      "power": 5050,
      "ATK": 480,
      "AC": 10,
      "spend": 8.2,
      "HP": 5941,
      "MP": 100,
      "comment": 0,
      "rate": 100,
      "exp": 990000,
      "SP": 2285
  
    },
    "大乘境圆满": {
      "power": 5450,
      "ATK": 500,
      "AC": 10,
      "spend": 8.6,
      "HP": 6435,
      "MP": 100,
      "comment": 0,
      "rate": 100,
      "exp": 1070000,
      "SP": 2475
  
    },
    "渡劫境初期": {
      "power": 5900,
      "ATK": 530,
      "AC": 10,
      "spend": 9.0,
      "HP": 6981,
      "MP": 100,
      "comment": 0,
      "rate": 100,
      "exp": 1160000,
      "SP": 2685
  
    },
    "渡劫境中期": {
      "power": 6350,
      "ATK": 560,
      "AC": 10,
      "spend": 9.2,
      "HP": 7527,
      "MP": 100,
      "comment": 0,
      "rate": 100,
      "exp": 1250000,
      "SP": 2895
  
    },
    "渡劫境圆满": {
      "power": 6800,
      "ATK": 590,
      "AC": 10,
      "spend": 10,
      "HP": 8073,
      "MP": 100,
      "comment": 0,
      "rate": 100,
      "exp": 1340000,
      "SP": 3105
  
    },
    "半步真仙": {
      "power": 7300,
      "ATK": 620,
      "AC": 10,
      "spend": 11,
      "HP": 8684,
      "MP": 100,
      "comment": 0,
      "rate": 100,
      "exp": 1440000,
      "SP": 3340
  
    },
    "真仙境初期": {
      "power": 7800,
      "ATK": 700,
      "AC": 10,
      "spend": 12,
      "HP": 9230,
      "MP": 100,
      "comment": 0,
      "rate": 100,
      "exp": 1540000,
      "SP": 3550
  
    },
    "真仙境中期": {
      "power": 8300,
      "ATK": 750,
      "AC": 10,
      "spend": 13,
      "HP": 9815,
      "MP": 100,
      "comment": 0,
      "rate": 100,
      "exp": 1640000,
      "SP": 3775
  
    },
    "真仙境圆满": {
      "power": 8800,
      "ATK": 800,
      "AC": 10,
      "spend": 14,
      "HP": 10400,
      "MP": 100,
      "comment": 0,
      "rate": 100,
      "exp": 1740000,
      "SP": 4000
  
    },
    "金仙境初期": {
      "power": 9350,
      "ATK": 850,
      "AC": 10,
      "spend": 15,
      "HP": 11050,
      "MP": 100,
      "comment": 0,
      "rate": 100,
      "exp": 1850000,
      "SP": 4250
  
    },
    "金仙境中期": {
      "power": 9900,
      "ATK": 900,
      "AC": 10,
      "spend": 16,
      "HP": 11700,
      "MP": 100,
      "comment": 0,
      "rate": 100,
      "exp": 1960000,
      "SP": 4500
  
    },
    "金仙境圆满": {
      "power": 10450,
      "ATK": 950,
      "AC": 10,
      "spend": 17,
      "HP": 12350,
      "MP": 100,
      "comment": 0,
      "rate": 100,
      "exp": 2070000,
      "SP": 4750
  
    },
    "太乙境初期": {
      "power": 11050,
      "ATK": 1000,
      "AC": 10,
      "spend": 18,
      "HP": 13065,
      "MP": 100,
      "comment": 0,
      "rate": 100,
      "exp": 2180000,
      "SP": 5025
    },
    "太乙境中期": {
      "power": 11650,
      "ATK": 1070,
      "AC": 10,
      "spend": 19,
      "HP": 13754,
      "MP": 100,
      "comment": 0,
      "rate": 100,
      "exp": 2300000,
      "SP": 5290
    },
    "太乙境圆满": {
      "power": 12200,
      "ATK": 1140,
      "AC": 10,
      "spend": 20,
      "HP": 14378,
      "MP": 100,
      "comment": 0,
      "rate": 100,
      "exp": 2420000,
      "SP": 5530
  
    },
    "悟道境": {
      "power": 15450,
      "ATK": 1500,
      "AC": 10,
      "spend": 20,
      "HP": 17550,
      "MP": 100,
      "comment": 0,
      "rate": 100,
      "exp": 2540000,
      "SP": 6750
  
    }
  }
  