{
    "江湖好手": {
      "power": 53, 
      "ATK": 13,
      "AC": 10,
      "spend": 1,
      "HP": 40,
      "MP": 100,
      "comment": 0,
      "rate": 100,
      "exp": 1000,
      "SP": 20
    },
    "练气境初期": {
      "power": 106,
      "ATK": 26,
      "AC": 10,
      "spend": 1.1,
      "HP": 80,
      "MP": 100,
      "comment": 0,
      "rate": 95,
      "exp": 10000,
      "SP": 40
    },
    "练气境中期": {
      "power": 162,
      "ATK": 52,
      "AC": 10,
      "spend": 1.2,
      "HP": 110,
      "MP": 100,
      "comment": 0,
      "rate": 100,
      "exp": 15000,
      "SP": 55
  
    },
    "练气境圆满": {
      "power": 218,
      "ATK": 78,
      "AC": 10,
      "spend": 1.6,
      "HP": 140,
      "MP": 100,
      "comment": 0,
      "rate": 100,
      "exp": 20000,
      "SP": 70
  
    },
    "筑基境初期": {
      "power": 324,
      "ATK": 104,
      "AC": 10,
      "spend": 2.0,
      "HP": 220,
      "MP": 100,
      "comment": 0,
      "rate": 100,
      "exp": 40000,
      "SP": 110
  
    },
    "筑基境中期": {
      "power": 430,
      "ATK": 130,
      "AC": 10,
      "spend": 2.2,
      "HP": 300,
      "MP": 100,
      "comment": 0,
      "rate": 100,
      "exp": 60000,
      "SP": 150
  
  
    },
    "筑基境圆满": {
      "power": 536,
      "ATK": 156,
      "AC": 10,
      "spend": 2.6,
      "HP": 380,
      "MP": 100,
      "comment": 0,
      "rate": 100,
      "exp": 80000,
      "SP": 190
  
    },
    "结丹境初期": {
      "power": 692,
      "ATK": 182,
      "AC": 10,
      "spend": 3.0,
      "HP": 510,
      "MP": 100,
      "comment": 0,
      "rate": 100,
      "exp": 110000,
      "SP": 255
  
    },
    "结丹境中期": {
      "power": 848,
      "ATK": 208,
      "AC": 10,
      "spend": 3.2,
      "HP": 640,
      "MP": 100,
      "comment": 0,
      "rate": 100,
      "exp": 140000,
      "SP": 320
  
    },
    "结丹境圆满": {
      "power": 1004,
      "ATK": 234,
      "AC": 10,
      "spend": 3.6,
      "HP": 770,
      "MP": 100,
      "comment": 0,
      "rate": 100,
      "exp": 170000,
      "SP": 385
  
    },
    "元婴境初期": {
      "power": 1210,
      "ATK": 260,
      "AC": 10,
      "spend": 4.0,
      "HP": 950,
      "MP": 100,
      "comment": 0,
      "rate": 100,
      "exp": 210000,
      "SP": 475
  
    },
    "元婴境中期": {
      "power": 1416,
      "ATK": 306,
      "AC": 10,
      "spend": 4.2,
      "HP": 1110,
      "MP": 100,
      "comment": 0,
      "rate": 100,
      "exp": 250000,
      "SP": 555
  
    },
    "元婴境圆满": {
      "power": 1622,
      "ATK": 332,
      "AC": 10,
      "spend": 4.6,
      "HP": 1290,
      "MP": 100,
      "comment": 0,
      "rate": 100,
      "exp": 290000,
      "SP": 645
  
    },
    "化神境初期": {
      "power": 1878,
      "ATK": 358,
      "AC": 10,
      "spend": 5.0,
      "HP": 1520,
      "MP": 100,
      "comment": 0,
      "rate": 100,
      "exp": 340000,
      "SP": 760
  
    },
    "化神境中期": {
      "power": 2140,
      "ATK": 390,
      "AC": 10,
      "spend": 5.2,
      "HP": 1750,
      "MP": 100,
      "comment": 0,
      "rate": 100,
      "exp": 390000,
      "SP": 875
  
    },
    "化神境圆满": {
      "power": 2396,
      "ATK": 416,
      "AC": 10,
      "spend": 5.6,
      "HP": 1980,
      "MP": 100,
      "comment": 0,
      "rate": 100,
      "exp": 440000,
      "SP": 990
  
    },
    "炼虚境初期": {
      "power": 2702,
      "ATK": 442,
      "AC": 10,
      "spend": 6.0,
      "HP": 2260,
      "MP": 100,
      "comment": 0,
      "rate": 100,
      "exp": 500000,
      "SP": 1130
  
    },
    "炼虚境中期": {
      "power": 3008,
      "ATK": 468,
      "AC": 10,
      "spend": 6.2,
      "HP": 2540,
      "MP": 100,
      "comment": 0,
      "rate": 100,
      "exp": 560000,
      "SP": 1270
  
    },
    "炼虚境圆满": {
      "power": 3314,
      "ATK": 494,
      "AC": 10,
      "spend": 6.6,
      "HP": 2820,
      "MP": 100,
      "comment": 0,
      "rate": 100,
      "exp": 620000,
      "SP": 1410
  
    },
    "合体境初期": {
      "power": 3670,
      "ATK": 520,
      "AC": 10,
      "spend": 7.0,
      "HP": 3150,
      "MP": 100,
      "comment": 0,
      "rate": 100,
      "exp": 690000,
      "SP": 1575
  
    },
    "合体境中期": {
      "power": 4026,
      "ATK": 546,
      "AC": 10,
      "spend": 7.2,
      "HP": 3480,
      "MP": 100,
      "comment": 0,
      "rate": 100,
      "exp": 760000,
      "SP": 1740
  
    },
    "合体境圆满": {
      "power": 4382,
      "ATK": 572,
      "AC": 10,
      "spend": 7.6,
      "HP": 3810,
      "MP": 100,
      "comment": 0,
      "rate": 100,
      "exp": 830000,
      "SP": 1905
  
    },
    "大乘境初期": {
      "power": 4788,
      "ATK": 598,
      "AC": 10,
      "spend": 8.0,
      "HP": 4190,
      "MP": 100,
      "comment": 0,
      "rate": 100,
      "exp": 910000,
      "SP": 2095
  
    },
    "大乘境中期": {
      "power": 5194,
      "ATK": 624,
      "AC": 10,
      "spend": 8.2,
      "HP": 4570,
      "MP": 100,
      "comment": 0,
      "rate": 100,
      "exp": 990000,
      "SP": 2285
  
    },
    "大乘境圆满": {
      "power": 5600,
      "ATK": 650,
      "AC": 10,
      "spend": 8.6,
      "HP": 4950,
      "MP": 100,
      "comment": 0,
      "rate": 100,
      "exp": 1070000,
      "SP": 2475
  
    },
    "渡劫境初期": {
      "power": 6059,
      "ATK": 689,
      "AC": 10,
      "spend": 9.0,
      "HP": 5370,
      "MP": 100,
      "comment": 0,
      "rate": 100,
      "exp": 1160000,
      "SP": 2685
  
    },
    "渡劫境中期": {
      "power": 6518,
      "ATK": 728,
      "AC": 10,
      "spend": 9.2,
      "HP": 5790,
      "MP": 100,
      "comment": 0,
      "rate": 100,
      "exp": 1250000,
      "SP": 2895
  
    },
    "渡劫境圆满": {
      "power": 6977,
      "ATK": 767,
      "AC": 10,
      "spend": 10,
      "HP": 6210,
      "MP": 100,
      "comment": 0,
      "rate": 100,
      "exp": 1340000,
      "SP": 3105
  
    },
    "半步真仙": {
      "power": 7486,
      "ATK": 806,
      "AC": 10,
      "spend": 11,
      "HP": 6680,
      "MP": 100,
      "comment": 0,
      "rate": 100,
      "exp": 1440000,
      "SP": 3340
  
    },
    "真仙境初期": {
      "power": 8010,
      "ATK": 910,
      "AC": 10,
      "spend": 12,
      "HP": 7100,
      "MP": 100,
      "comment": 0,
      "rate": 100,
      "exp": 1540000,
      "SP": 3550
  
    },
    "真仙境中期": {
      "power": 8525,
      "ATK": 975,
      "AC": 10,
      "spend": 13,
      "HP": 7550,
      "MP": 100,
      "comment": 0,
      "rate": 100,
      "exp": 1640000,
      "SP": 3775
  
    },
    "真仙境圆满": {
      "power": 9040,
      "ATK": 1040,
      "AC": 10,
      "spend": 14,
      "HP": 8000,
      "MP": 100,
      "comment": 0,
      "rate": 100,
      "exp": 1740000,
      "SP": 4000
  
    },
    "金仙境初期": {
      "power": 9605,
      "ATK": 1105,
      "AC": 10,
      "spend": 15,
      "HP": 8500,
      "MP": 100,
      "comment": 0,
      "rate": 100,
      "exp": 1850000,
      "SP": 4250
  
    },
    "金仙境中期": {
      "power": 10170,
      "ATK": 1170,
      "AC": 10,
      "spend": 16,
      "HP": 9000,
      "MP": 100,
      "comment": 0,
      "rate": 100,
      "exp": 1960000,
      "SP": 4500
  
    },
    "金仙境圆满": {
      "power": 10735,
      "ATK": 1235,
      "AC": 10,
      "spend": 17,
      "HP": 9500,
      "MP": 100,
      "comment": 0,
      "rate": 100,
      "exp": 2070000,
      "SP": 4750
  
    },
    "太乙境初期": {
      "power": 11350,
      "ATK": 1300,
      "AC": 10,
      "spend": 18,
      "HP": 10050,
      "MP": 100,
      "comment": 0,
      "rate": 100,
      "exp": 2180000,
      "SP": 5025
    },
    "太乙境中期": {
      "power": 11971,
      "ATK": 1391,
      "AC": 10,
      "spend": 19,
      "HP": 10580,
      "MP": 100,
      "comment": 0,
      "rate": 100,
      "exp": 2300000,
      "SP": 5290
    },
    "太乙境圆满": {
      "power": 12542,
      "ATK": 1482,
      "AC": 10,
      "spend": 20,
      "HP": 11060,
      "MP": 100,
      "comment": 0,
      "rate": 100,
      "exp": 2420000,
      "SP": 5530
  
    },
    "悟道境": {
      "power": 15450,
      "ATK": 1950,
      "AC": 10,
      "spend": 20,
      "HP": 13500,
      "MP": 100,
      "comment": 0,
      "rate": 100,
      "exp": 2540000,
      "SP": 6750
  
    }
  }
  