{
    "江湖好手": 10,
    "练气境初期": 9,
    "练气境中期": 8,
    "练气境圆满": 7,
    "筑基境初期": 6,
    "筑基境中期": 5,
    "筑基境圆满": 4,
    "结丹境初期": 3,
    "结丹境中期": 2,
    "结丹境圆满": 2,
    "元婴境初期": 2,
    "元婴境中期": 2,
    "元婴境圆满": 2,
    "化神境初期": 2,
    "化神境中期": 2,
    "化神境圆满": 2,
    "炼虚境初期": 2,
    "炼虚境中期": 2,
    "炼虚境圆满": 2,
    "合体境初期": 2,
    "合体境中期": 2,
    "合体境圆满": 2,
    "大乘境初期": 2,
    "大乘境中期": 2,
    "大乘境圆满": 2,
    "渡劫境初期": 2,
    "渡劫境中期": 2,
    "渡劫境圆满": 1,
    "半步真仙": 1,
    "真仙境初期": 1,
    "真仙境中期": 1,
    "真仙境圆满": 1,
    "金仙境初期": 1,
    "金仙境中期": 1,
    "金仙境圆满": 1,
    "太乙境初期": 1,
    "太乙境中期": 1,
    "太乙境圆满": 1
}
