{
  "江湖好手": {
    "power": 100,
    "ATK": 100,
    "AC": 10,
    "spend": 1,
    "HP": 1000,
    "MP": 100,
    "comment": 0,
    "rate": 100,
    "exp": 100,
    "SP": 100,
    "SP_RA": 1.1
  },
  "练气境初期": {
    "power": 1000,
    "ATK": 1000,
    "AC": 100,
    "spend": 1.1,
    "HP": 10000,
    "MP": 10000,
    "comment": 0,
    "rate": 95,
    "exp": 1000,
    "SP": 1000,
    "SP_RA": 1.1
  },
  "练气境中期": {
    "power": 2000,
    "ATK": 100,
    "AC": 10,
    "spend": 1.2,
    "HP": 1000,
    "MP": 100,
    "comment": 0,
    "rate": 100,
    "exp": 2000,
    "SP": 2000,
    "SP_RA": 1.1
  },
  "练气境圆满": {
    "power": 3000,
    "ATK": 100,
    "AC": 10,
    "spend": 1.6,
    "HP": 1000,
    "MP": 100,
    "comment": 0,
    "rate": 100,
    "exp": 3000,
    "SP": 3000,
    "SP_RA": 1.1
  },
  "筑基境初期": {
    "power": 6000,
    "ATK": 100,
    "AC": 10,
    "spend": 2.0,
    "HP": 1000,
    "MP": 100,
    "comment": 0,
    "rate": 100,
    "exp": 6000,
    "SP": 6000,
    "SP_RA": 1.1
  },
  "筑基境中期": {
    "power": 8000,
    "ATK": 100,
    "AC": 10,
    "spend": 2.2,
    "HP": 1000,
    "MP": 100,
    "comment": 0,
    "rate": 100,
    "exp": 8000,
    "SP": 8000,
    "SP_RA": 1.1
  },
  "筑基境圆满": {
    "power": 10000,
    "ATK": 100,
    "AC": 10,
    "spend": 2.6,
    "HP": 1000,
    "MP": 100,
    "comment": 0,
    "rate": 100,
    "exp": 10000,
    "SP": 10000,
    "SP_RA": 1.1
  },
  "结丹境初期": {
    "power": 30000,
    "ATK": 100,
    "AC": 10,
    "spend": 3.0,
    "HP": 1000,
    "MP": 100,
    "comment": 0,
    "rate": 100,
    "exp": 20000,
    "SP": 20000,
    "SP_RA": 1.1
  },
  "结丹境中期": {
    "power": 60000,
    "ATK": 100,
    "AC": 10,
    "spend": 3.2,
    "HP": 1000,
    "MP": 100,
    "comment": 0,
    "rate": 100,
    "exp": 60000,
    "SP": 24000,
    "SP_RA": 1.1
  },
  "结丹境圆满": {
    "power": 90000,
    "ATK": 100,
    "AC": 10,
    "spend": 3.6,
    "HP": 1000,
    "MP": 100,
    "comment": 0,
    "rate": 100,
    "exp": 90000,
    "SP": 28000,
    "SP_RA": 1.1
  },
  "元婴境初期": {
    "power": 144000,
    "ATK": 100,
    "AC": 10,
    "spend": 4.0,
    "HP": 1000,
    "MP": 100,
    "comment": 0,
    "rate": 100,
    "exp": 144000,
    "SP": 144000,
    "SP_RA": 1.1
  },
  "元婴境中期": {
    "power": 160000,
    "ATK": 100,
    "AC": 10,
    "spend": 4.2,
    "HP": 1000,
    "MP": 100,
    "comment": 0,
    "rate": 100,
    "exp": 160000,
    "SP": 160000,
    "SP_RA": 1.1
  },
  "元婴境圆满": {
    "power": 176000,
    "ATK": 100,
    "AC": 10,
    "spend": 4.6,
    "HP": 1000,
    "MP": 100,
    "comment": 0,
    "rate": 100,
    "exp": 176000,
    "SP": 176000,
    "SP_RA": 1.1
  },
  "化神境初期": {
    "power": 352000,
    "ATK": 100,
    "AC": 10,
    "spend": 5.0,
    "HP": 1000,
    "MP": 100,
    "comment": 0,
    "rate": 100,
    "exp": 352000,
    "SP": 352000,
    "SP_RA": 1.1
  },
  "化神境中期": {
    "power": 384000,
    "ATK": 100,
    "AC": 10,
    "spend": 5.2,
    "HP": 1000,
    "MP": 100,
    "comment": 0,
    "rate": 100,
    "exp": 384000,
    "SP": 384000,
    "SP_RA": 1.1
  },
  "化神境圆满": {
    "power": 416000,
    "ATK": 100,
    "AC": 10,
    "spend": 5.6,
    "HP": 1000,
    "MP": 100,
    "comment": 0,
    "rate": 100,
    "exp": 416000,
    "SP": 416000,
    "SP_RA": 1.1
  },
  "炼虚境初期": {
    "power": 832000,
    "ATK": 100,
    "AC": 10,
    "spend": 6.0,
    "HP": 1000,
    "MP": 100,
    "comment": 0,
    "rate": 100,
    "exp": 832000,
    "SP": 832000,
    "SP_RA": 1.1
  },
  "炼虚境中期": {
    "power": 896000,
    "ATK": 100,
    "AC": 10,
    "spend": 6.2,
    "HP": 1000,
    "MP": 100,
    "comment": 0,
    "rate": 100,
    "exp": 896000,
    "SP": 896000,
    "SP_RA": 1.1
  },
  "炼虚境圆满": {
    "power": 960000,
    "ATK": 100,
    "AC": 10,
    "spend": 6.6,
    "HP": 1000,
    "MP": 100,
    "comment": 0,
    "rate": 100,
    "exp": 960000,
    "SP": 960000,
    "SP_RA": 1.1
  },
  "合体境初期": {
    "power": 1920000,
    "ATK": 100,
    "AC": 10,
    "spend": 7.0,
    "HP": 1000,
    "MP": 100,
    "comment": 0,
    "rate": 100,
    "exp": 1920000,
    "SP": 1920000,
    "SP_RA": 1.1
  },
  "合体境中期": {
    "power": 2048000,
    "ATK": 100,
    "AC": 10,
    "spend": 7.2,
    "HP": 1000,
    "MP": 100,
    "comment": 0,
    "rate": 100,
    "exp": 2048000,
    "SP": 2048000,
    "SP_RA": 1.1
  },
  "合体境圆满": {
    "power": 2176000,
    "ATK": 100,
    "AC": 10,
    "spend": 7.6,
    "HP": 1000,
    "MP": 100,
    "comment": 0,
    "rate": 100,
    "exp": 2176000,
    "SP": 2176000,
    "SP_RA": 1.1
  },
  "大乘境初期": {
    "power": 4352000,
    "ATK": 100,
    "AC": 10,
    "spend": 8.0,
    "HP": 1000,
    "MP": 100,
    "comment": 0,
    "rate": 100,
    "exp": 4352000,
    "SP": 4352000,
    "SP_RA": 1.1
  },
  "大乘境中期": {
    "power": 4608000,
    "ATK": 100,
    "AC": 10,
    "spend": 8.2,
    "HP": 1000,
    "MP": 100,
    "comment": 0,
    "rate": 100,
    "exp": 4608000,
    "SP": 4608000,
    "SP_RA": 1.1
  },
  "大乘境圆满": {
    "power": 4864000,
    "ATK": 100,
    "AC": 10,
    "spend": 8.6,
    "HP": 1000,
    "MP": 100,
    "comment": 0,
    "rate": 100,
    "exp": 4864000,
    "SP": 4864000,
    "SP_RA": 1.1
  },
  "渡劫境初期": {
    "power": 9728000,
    "ATK": 100,
    "AC": 10,
    "spend": 9.0,
    "HP": 1000,
    "MP": 100,
    "comment": 0,
    "rate": 100,
    "exp": 9728000,
    "SP": 9728000,
    "SP_RA": 1.1
  },
  "渡劫境中期": {
    "power": 12348000,
    "ATK": 100,
    "AC": 10,
    "spend": 9.2,
    "HP": 1000,
    "MP": 100,
    "comment": 0,
    "rate": 100,
    "exp": 12348000,
    "SP": 12348000,
    "SP_RA": 1.1
  },
  "渡劫境圆满": {
    "power": 14968000,
    "ATK": 100,
    "AC": 10,
    "spend": 10,
    "HP": 1000,
    "MP": 100,
    "comment": 0,
    "rate": 100,
    "exp": 14968000,
    "SP": 14968000,
    "SP_RA": 1.1
  },
  "半步真仙": {
    "power": 20968000,
    "ATK": 100,
    "AC": 10,
    "spend": 11,
    "HP": 1000,
    "MP": 100,
    "comment": 0,
    "rate": 100,
    "exp": 20968000,
    "SP": 20968000,
    "SP_RA": 1.1
  },
  "真仙境初期": {
    "power": 30968000,
    "ATK": 100,
    "AC": 10,
    "spend": 12,
    "HP": 1000,
    "MP": 100,
    "comment": 0,
    "rate": 100,
    "exp": 30968000,
    "SP": 30968000,
    "SP_RA": 1.1
  },
  "真仙境中期": {
    "power": 35968000,
    "ATK": 100,
    "AC": 10,
    "spend": 13,
    "HP": 1000,
    "MP": 100,
    "comment": 0,
    "rate": 100,
    "exp": 35968000,
    "SP": 35968000,
    "SP_RA": 1.1
  },
  "真仙境圆满": {
    "power": 40968000,
    "ATK": 100,
    "AC": 10,
    "spend": 14,
    "HP": 1000,
    "MP": 100,
    "comment": 0,
    "rate": 100,
    "exp": 40968000,
    "SP": 40968000,
    "SP_RA": 1.1
  },
  "金仙境初期": {
    "power": 60968000,
    "ATK": 100,
    "AC": 10,
    "spend": 15,
    "HP": 1000,
    "MP": 100,
    "comment": 0,
    "rate": 100,
    "exp": 60968000,
    "SP": 60968000,
    "SP_RA": 1.1
  },
  "金仙境中期": {
    "power": 70968000,
    "ATK": 100,
    "AC": 10,
    "spend": 16,
    "HP": 1000,
    "MP": 100,
    "comment": 0,
    "rate": 100,
    "exp": 70968000,
    "SP": 70968000,
    "SP_RA": 1.1
  },
  "金仙境圆满": {
    "power": 80968000,
    "ATK": 100,
    "AC": 10,
    "spend": 17,
    "HP": 1000,
    "MP": 100,
    "comment": 0,
    "rate": 100,
    "exp": 80968000,
    "SP": 80968000,
    "SP_RA": 1.1
  },
  "太乙境初期": {
    "power": 120968000,
    "ATK": 100,
    "AC": 10,
    "spend": 18,
    "HP": 1000,
    "MP": 100,
    "comment": 0,
    "rate": 100,
    "exp": 120968000,
    "SP": 120968000,
    "SP_RA": 1.1
  },
  "太乙境中期": {
    "power": 140968000,
    "ATK": 100,
    "AC": 10,
    "spend": 19,
    "HP": 1000,
    "MP": 100,
    "comment": 0,
    "rate": 100,
    "exp": 140968000,
    "SP": 140968000,
    "SP_RA": 1.1
  },
  "太乙境圆满": {
    "power": 160968000,
    "ATK": 100,
    "AC": 10,
    "spend": 20,
    "HP": 1000,
    "MP": 100,
    "comment": 0,
    "rate": 100,
    "exp": 160968000,
    "SP": 160968000,
    "SP_RA": 1.1
  },
  "悟道境": {
    "power": 16096800000000000000000000000,
    "ATK": 100,
    "AC": 10,
    "spend": 20,
    "HP": 1000,
    "MP": 100,
    "comment": 0,
    "rate": 100,
    "exp": 16096800000000000000000000000,
    "SP": 16096800000000000000000000000,
    "SP_RA": 1.1
  }
}
