{
  "8001": {
    "name": "灵光印",
    "skill_type": 1,
    "atkvalue": [ 1.2, 1.2 ],
    "hpcost": 0.1,
    "mpcost": 0.3,
    "turncost": 1,
    "desc": "吔屎啦！",
    "rate": 100,
    "rank": "人阶下品",
    "level": "50"
  },
  "8002": {
    "name": "落石阵",
    "skill_type": 1,
    "atkvalue": [ 2.4 ],
    "hpcost": 0,
    "mpcost": 0.3,
    "turncost": 0,
    "desc": "吔屎啦！",
    "rate": 50,
    "rank": "人阶下品",
    "level": "50"
  },
  "8003": {
    "name": "真金印",
    "skill_type": 2,
    "atkvalue": 0.4,
    "hpcost": 0,
    "mpcost": 0.3,
    "turncost": 3,
    "desc": "吔屎啦！",
    "rate": 100,
    "rank": "人阶下品",
    "level": "50"
  },
  "8004": {
    "name": "惊涛剑诀",
    "skill_type": 3,
    "bufftype": 1,
    "buffvalue": 0.4,
    "hpcost": 0,
    "mpcost": 0.3,
    "turncost": 3,
    "desc": "你被强化了，快去送!",
    "rate": 100,
    "rank": "人阶下品",
    "level": "50"
  },
  "8005": {
    "name": "鳖住",
    "skill_type": 3,
    "bufftype": 2,
    "buffvalue": 0.05,
    "hpcost": 0,
    "mpcost": 0.3,
    "turncost": 2,
    "desc": "不说了，开鳖!",
    "rate": 100,
    "rank": "人阶下品",
    "level": "50"
  },
  "8101": {
    "name": "化尘剑法",
    "skill_type": 1,
    "atkvalue": [ 1.3, 1.3 ],
    "hpcost": 0.1,
    "mpcost": 0.3,
    "turncost": 1,
    "desc": "吔屎啦！",
    "rate": 100,
    "rank": "人阶上品",
    "level": "45"
  },
  "8102": {
    "name": "三昧真火",
    "skill_type": 1,
    "atkvalue": [ 2.6 ],
    "hpcost": 0,
    "mpcost": 0.3,
    "turncost": 0,
    "desc": "吔屎啦！",
    "rate": 50,
    "rank": "人阶上品",
    "level": "45"
  },
  "8103": {
    "name": "截脉",
    "skill_type": 2,
    "atkvalue": 0.44,
    "hpcost": 0,
    "mpcost": 0.3,
    "turncost": 3,
    "desc": "吔屎啦！",
    "rate": 100,
    "rank": "人阶上品",
    "level": "45"
  },
  "8104": {
    "name": "灵息术",
    "skill_type": 3,
    "bufftype": 1,
    "buffvalue": 0.44,
    "hpcost": 0,
    "mpcost": 0.3,
    "turncost": 3,
    "desc": "你被强化了，快去送!",
    "rate": 100,
    "rank": "人阶上品",
    "level": "45"
  },
  "8105": {
    "name": "鳖鳖住",
    "skill_type": 3,
    "bufftype": 2,
    "buffvalue": 0.1,
    "hpcost": 0,
    "mpcost": 0.3,
    "turncost": 2,
    "desc": "不说了，开鳖!",
    "rate": 100,
    "rank": "人阶上品",
    "level": "45"
  },
  "8201": {
    "name": "竹山剑法",
    "skill_type": 1,
    "atkvalue": [ 1.4, 1.4 ],
    "hpcost": 0.1,
    "mpcost": 0.3,
    "turncost": 1,
    "desc": "吔屎啦！",
    "rate": 100,
    "rank": "黄阶下品",
    "level": "42"
  },
  "8202": {
    "name": "碎剑诀",
    "skill_type": 1,
    "atkvalue": [ 2.8 ],
    "hpcost": 0,
    "mpcost": 0.3,
    "turncost": 0,
    "desc": "吔屎啦！",
    "rate": 50,
    "rank": "黄阶下品",
    "level": "42"
  },
  "8203": {
    "name": "灵体印",
    "skill_type": 2,
    "atkvalue": 0.47,
    "hpcost": 0,
    "mpcost": 0.3,
    "turncost": 3,
    "desc": "吔屎啦！",
    "rate": 100,
    "rank": "黄阶下品",
    "level": "42"
  },
  "8204": {
    "name": "拟剑",
    "skill_type": 3,
    "bufftype": 1,
    "buffvalue": 0.47,
    "hpcost": 0,
    "mpcost": 0.3,
    "turncost": 3,
    "desc": "你被强化了，快去送!",
    "rate": 100,
    "rank": "黄阶下品",
    "level": "42"
  },
  "8205": {
    "name": "鳖鳖鳖住",
    "skill_type": 3,
    "bufftype": 2,
    "buffvalue": 0.15,
    "hpcost": 0,
    "mpcost": 0.3,
    "turncost": 2,
    "desc": "不说了，开鳖!",
    "rate": 100,
    "rank": "黄阶下品",
    "level": "42"
  },
  "8301": {
    "name": "五毒摄魂阵",
    "skill_type": 1,
    "atkvalue": [ 1.5, 1.5 ],
    "hpcost": 0.1,
    "mpcost": 0.3,
    "turncost": 1,
    "desc": "吔屎啦！",
    "rate": 100,
    "rank": "黄阶上品",
    "level": "39"
  },
  "8302": {
    "name": "矢神刺",
    "skill_type": 1,
    "atkvalue": [ 3 ],
    "hpcost": 0,
    "mpcost": 0.3,
    "turncost": 0,
    "desc": "吔屎啦！",
    "rate": 50,
    "rank": "黄阶上品",
    "level": "39"
  },
  "8303": {
    "name": "摧血掌",
    "skill_type": 2,
    "atkvalue": 0.5,
    "hpcost": 0,
    "mpcost": 0.3,
    "turncost": 3,
    "desc": "吔屎啦！",
    "rate": 100,
    "rank": "黄阶上品",
    "level": "39"
  },
  "8304": {
    "name": "归元剑气",
    "skill_type": 3,
    "bufftype": 1,
    "buffvalue": 0.5,
    "hpcost": 0,
    "mpcost": 0.3,
    "turncost": 3,
    "desc": "你被强化了，快去送!",
    "rate": 100,
    "rank": "黄阶上品",
    "level": "39"
  },
  "8305": {
    "name": "鳖鳖鳖鳖住",
    "skill_type": 3,
    "bufftype": 2,
    "buffvalue": 0.2,
    "hpcost": 0,
    "mpcost": 0.3,
    "turncost": 2,
    "desc": "不说了，开鳖!",
    "rate": 100,
    "rank": "黄阶上品",
    "level": "39"
  },
  "8401": {
    "name": "降魔锁骨阵",
    "skill_type": 1,
    "atkvalue": [ 1.6, 1.6 ],
    "hpcost": 0.1,
    "mpcost": 0.3,
    "turncost": 1,
    "desc": "吔屎啦！",
    "rate": 100,
    "rank": "玄阶下品",
    "level": "36"
  },
  "8402": {
    "name": "鹤喙针",
    "skill_type": 1,
    "atkvalue": [ 3.2 ],
    "hpcost": 0,
    "mpcost": 0.3,
    "turncost": 0,
    "desc": "吔屎啦！",
    "rate": 50,
    "rank": "玄阶下品",
    "level": "36"
  },
  "8403": {
    "name": "祭血罩",
    "skill_type": 2,
    "atkvalue": 0.54,
    "hpcost": 0,
    "mpcost": 0.3,
    "turncost": 3,
    "desc": "吔屎啦！",
    "rate": 100,
    "rank": "玄阶下品",
    "level": "36"
  },
  "8404": {
    "name": "分金印",
    "skill_type": 3,
    "bufftype": 1,
    "buffvalue": 0.54,
    "hpcost": 0,
    "mpcost": 0.3,
    "turncost": 3,
    "desc": "你被强化了，快去送!",
    "rate": 100,
    "rank": "玄阶下品",
    "level": "36"
  },
  "8405": {
    "name": "鳖鳖鳖鳖鳖住",
    "skill_type": 3,
    "bufftype": 2,
    "buffvalue": 0.25,
    "hpcost": 0,
    "mpcost": 0.3,
    "turncost": 2,
    "desc": "不说了，开鳖!",
    "rate": 100,
    "rank": "玄阶下品",
    "level": "36"
  },
  "8501": {
    "name": "苍云荫月",
    "skill_type": 1,
    "atkvalue": [ 1.7, 1.7 ],
    "hpcost": 0.1,
    "mpcost": 0.3,
    "turncost": 1,
    "desc": "吔屎啦！",
    "rate": 100,
    "rank": "玄阶上品",
    "level": "33"
  },
  "8502": {
    "name": "寸芒",
    "skill_type": 1,
    "atkvalue": [ 3.4 ],
    "hpcost": 0,
    "mpcost": 0.3,
    "turncost": 0,
    "desc": "吔屎啦！",
    "rate": 50,
    "rank": "玄阶上品",
    "level": "33"
  },
  "8503": {
    "name": "月华流照",
    "skill_type": 2,
    "atkvalue": 0.57,
    "hpcost": 0,
    "mpcost": 0.3,
    "turncost": 3,
    "desc": "吔屎啦！",
    "rate": 100,
    "rank": "玄阶上品",
    "level": "33"
  },
  "8504": {
    "name": "九转游身剑",
    "skill_type": 3,
    "bufftype": 1,
    "buffvalue": 0.57,
    "hpcost": 0,
    "mpcost": 0.3,
    "turncost": 3,
    "desc": "你被强化了，快去送!",
    "rate": 100,
    "rank": "玄阶上品",
    "level": "33"
  },
  "8505": {
    "name": "鳖鳖鳖鳖鳖鳖住",
    "skill_type": 3,
    "bufftype": 2,
    "buffvalue": 0.3,
    "hpcost": 0,
    "mpcost": 0.3,
    "turncost": 2,
    "desc": "不说了，开鳖!",
    "rate": 100,
    "rank": "玄阶上品",
    "level": "33"
  },
  "8601": {
    "name": "开山诀",
    "skill_type": 1,
    "atkvalue": [ 1.8, 1.8 ],
    "hpcost": 0.1,
    "mpcost": 0.3,
    "turncost": 1,
    "desc": "吔屎啦！",
    "rate": 100,
    "rank": "地阶下品",
    "level": "30"
  },
  "8602": {
    "name": "离火绝炎",
    "skill_type": 1,
    "atkvalue": [ 3.6 ],
    "hpcost": 0,
    "mpcost": 0.3,
    "turncost": 0,
    "desc": "吔屎啦！",
    "rate": 50,
    "rank": "地阶下品",
    "level": "30"
  },
  "8603": {
    "name": "凝水归流",
    "skill_type": 2,
    "atkvalue": 0.6,
    "hpcost": 0,
    "mpcost": 0.3,
    "turncost": 3,
    "desc": "吔屎啦！",
    "rate": 100,
    "rank": "地阶下品",
    "level": "30"
  },
  "8604": {
    "name": "五行颠倒术",
    "skill_type": 3,
    "bufftype": 1,
    "buffvalue": 0.6,
    "hpcost": 0,
    "mpcost": 0.3,
    "turncost": 3,
    "desc": "你被强化了，快去送!",
    "rate": 100,
    "rank": "地阶下品",
    "level": "30"
  },
  "8605": {
    "name": "鳖鳖鳖鳖鳖鳖鳖住",
    "skill_type": 3,
    "bufftype": 2,
    "buffvalue": 0.35,
    "hpcost": 0,
    "mpcost": 0.3,
    "turncost": 2,
    "desc": "不说了，开鳖!",
    "rate": 100,
    "rank": "地阶下品",
    "level": "30"
  },
  "8701": {
    "name": "怒水天殇",
    "skill_type": 1,
    "atkvalue": [ 1.9, 1.9 ],
    "hpcost": 0.1,
    "mpcost": 0.3,
    "turncost": 1,
    "desc": "吔屎啦！",
    "rate": 100,
    "rank": "地阶上品",
    "level": "27"
  },
  "8702": {
    "name": "炙炎轮回",
    "skill_type": 1,
    "atkvalue": [ 3.8 ],
    "hpcost": 0,
    "mpcost": 0.3,
    "turncost": 0,
    "desc": "吔屎啦！",
    "rate": 50,
    "rank": "地阶上品",
    "level": "27"
  },
  "8703": {
    "name": "血魂煞",
    "skill_type": 2,
    "atkvalue": 0.64,
    "hpcost": 0,
    "mpcost": 0.3,
    "turncost": 3,
    "desc": "吔屎啦！",
    "rate": 100,
    "rank": "地阶上品",
    "level": "27"
  },
  "8704": {
    "name": "万剑诀",
    "skill_type": 3,
    "bufftype": 1,
    "buffvalue": 0.64,
    "hpcost": 0,
    "mpcost": 0.3,
    "turncost": 3,
    "desc": "你被强化了，快去送!",
    "rate": 100,
    "rank": "地阶上品",
    "level": "27"
  },
  "8705": {
    "name": "鳖鳖鳖鳖鳖鳖鳖鳖住",
    "skill_type": 3,
    "bufftype": 2,
    "buffvalue": 0.4,
    "hpcost": 0,
    "mpcost": 0.3,
    "turncost": 2,
    "desc": "不说了，开鳖!",
    "rate": 100,
    "rank": "地阶上品",
    "level": "27"
  },
  "8801": {
    "name": "天星若雨",
    "skill_type": 1,
    "atkvalue": [ 2, 2 ],
    "hpcost": 0.1,
    "mpcost": 0.3,
    "turncost": 1,
    "desc": "吔屎啦！",
    "rate": 100,
    "rank": "天阶下品",
    "level": "24"
  },
  "8802": {
    "name": "金虹贯日",
    "skill_type": 1,
    "atkvalue": [ 4 ],
    "hpcost": 0,
    "mpcost": 0.3,
    "turncost": 0,
    "desc": "吔屎啦！",
    "rate": 50,
    "rank": "天阶下品",
    "level": "24"
  },
  "8803": {
    "name": "都天烈火仙阵",
    "skill_type": 2,
    "atkvalue": 0.67,
    "hpcost": 0,
    "mpcost": 0.3,
    "turncost": 3,
    "desc": "吔屎啦！",
    "rate": 100,
    "rank": "天阶下品",
    "level": "24"
  },
  "8804": {
    "name": "星微神灭诀",
    "skill_type": 3,
    "bufftype": 1,
    "buffvalue": 0.67,
    "hpcost": 0,
    "mpcost": 0.3,
    "turncost": 3,
    "desc": "你被强化了，快去送!",
    "rate": 100,
    "rank": "天阶下品",
    "level": "24"
  },
  "8805": {
    "name": "鳖鳖鳖鳖鳖鳖鳖鳖鳖住",
    "skill_type": 3,
    "bufftype": 2,
    "buffvalue": 0.45,
    "hpcost": 0,
    "mpcost": 0.3,
    "turncost": 2,
    "desc": "不说了，开鳖!",
    "rate": 100,
    "rank": "天阶下品",
    "level": "24"
  },
  "8901": {
    "name": "横扫千军",
    "skill_type": 1,
    "atkvalue": [ 1.6, 1.7, 1.8 ],
    "hpcost": 0.1,
    "mpcost": 0.5,
    "turncost": 1,
    "desc": "吔屎啦！",
    "rate": 100,
    "rank": "天阶上品",
    "level": "21"
  },
  "8902": {
    "name": "玄冰凝骨术",
    "skill_type": 1,
    "atkvalue": [ 4.2 ],
    "hpcost": 0,
    "mpcost": 0.3,
    "turncost": 0,
    "desc": "吔屎啦！",
    "rate": 50,
    "rank": "天阶上品",
    "level": "21"
  },
  "8903": {
    "name": "凤灵妖火",
    "skill_type": 2,
    "atkvalue": 2.0,
    "hpcost": 0,
    "mpcost": 0.5,
    "turncost": 3,
    "desc": "吔屎啦！",
    "rate": 100,
    "rank": "天阶上品",
    "level": "21"
  },
  "8904": {
    "name": "大吞焰术",
    "skill_type": 3,
    "bufftype": 1,
    "buffvalue": 1.5,
    "hpcost": 0,
    "mpcost": 0.5,
    "turncost": 3,
    "desc": "你被强化了，快去送!",
    "rate": 100,
    "rank": "天阶上品",
    "level": "21"
  },
  "8905": {
    "name": "鳖鳖鳖鳖鳖鳖鳖鳖鳖鳖住",
    "skill_type": 3,
    "bufftype": 2,
    "buffvalue": 0.75,
    "hpcost": 0,
    "mpcost": 0.4,
    "turncost": 3,
    "desc": "不说了，开鳖!",
    "rate": 100,
    "rank": "天阶上品",
    "level": "21"
  },
  "8906": {
    "name": "日月乾坤",
    "skill_type": 4,
    "hpcost": 0,
    "mpcost": 0.3,
    "turncost": 3,
    "desc": "吔屎啦!",
    "rate": 50,
    "success": 100,
    "rank": "天阶上品",
    "level": "21"
  },
  "8907": {
    "name": "雷霆十闪",
    "skill_type": 1,
    "atkvalue": [ 0.1, 0.2, 0.3, 0.4, 0.5, 0.6, 0.7, 0.8, 0.9, 1.0 ],
    "hpcost": 0.2,
    "mpcost": 0.4,
    "turncost": 0,
    "desc": "吔屎啦！",
    "rate": 70,
    "rank": "天阶上品",
    "level": "21"
  },
  "8908": {
    "name": "天地同寿",
    "skill_type": 1,
    "atkvalue": [ 20.5 ],
    "hpcost": 0.9,
    "mpcost": 0.9,
    "turncost": 9,
    "desc": "吔屎啦！",
    "rate": 10,
    "rank": "天阶上品",
    "level": "21"
  },
  "8911": {
    "name": "大罗仙印",
    "skill_type": 1,
    "atkvalue": [ 1.0,2.0,3.0 ],
    "hpcost": 0.0,
    "mpcost": 0.4,
    "turncost": 0,
    "desc": "吔屎啦！",
    "rate": 70,
    "rank": "仙阶下品",
    "level": "18"
  },
  "8912": {
    "name": "混日剑法",
    "skill_type": 1,
    "atkvalue": [ 30 ],
    "hpcost": 0.0,
    "mpcost": 0.5,
    "turncost": 0,
    "desc": "避日，斩天！",
    "rate": 100,
    "rank": "仙阶上品",
    "level": "10"
  }
}
